id,target_id,target_short_name,target_nation,applicant,abstract,invention_name
2134671,2886,AM Group,Spain,소니그룹주식회사|소니 코포레이션 오브 아메리카,"가상 콘텐츠 권한들을 사용하여 가상 환경에서 디지털 콘텐츠에 대한 액세스를 관리하는 것은, 가상 환경의 사용자를 디지털 콘텐츠와 관련하여 취득된 가상 콘텐츠 권한들과 연관시키는 데이터를 포함하는 가상 콘텐츠 권한들 데이터베이스를 제공하는 것; 프로세서에서, 디지털 콘텐츠의 가상 콘텐츠 권한들의 할당에 대한 요청을 사용자의 디바이스로부터 수신하는 것 - 사용자는 디바이스를 사용하여 프로세서와 인터페이스함 -; 사용자에 대한 가상 콘텐츠 권한들의 할당을 나타내기 위해 가상 콘텐츠 권한들 데이터베이스를 업데이트하는 것; 프로세서에서, 노래들을 포함하는 디지털 콘텐츠에 대한 가상 콘텐츠 권한들을 보유하는 사용자의 디바이스로부터 데이터를 수신하여 노래들 중 적어도 하나를 갖는 가상 사용자-구성된 음악 룸을 생성하는 것; 및 가상 환경 내에서 사용자에 의한 가상 사용자-구성된 음악 룸의 공유를 나타내기 위해 가상 콘텐츠 권한들 데이터베이스를 업데이트하는 것을 포함한다.",가상 환경들에서의 사용자-구성된 음악 룸 디지털 자산들
6165140,469,A+ Conferencing Ltd,United States,정성재,"본 발명은 머신러닝을 활용한 이미지 기반 검색 서비스 제공 시스템에 관한 것으로, 본 발명에 따르면 도형 상표에 대한 이미지 파일을 분석하여 비엔나코드를 추론한 후 검색이 이루어지기 때문에, 도형 상표에 대한 검색이 매우 효율적으로 이루어질 수 있다.",머신러닝을 활용한 이미지 기반 검색 서비스 제공 시스템
1929250,45822,Raven Industries Inc,United States,"Raven Industries, Inc."," System and techniques for adaptive color transformation to aid computer vision are described herein. Colors from an image are mapped into a multi-dimensional space to create a distribution of colors in the image. A line can be fit to the distribution. Here, the line includes an angle relative to a coordinate system of the multi-dimensional space. A transformation to colors can then be applied to the image based on the angle of the line. The transformation producing a reduced image where a color complexity of the original image is reduced. 
				",Adaptive color transformation to aid computer vision
717128,26853,ICM Co Ltd,Japan,상하이 어위닉 마이크로일렉트로닉스 테크놀로지 컴퍼니 리미티드,"본 출원의 실시예는 구동 장치, 이미지 수집 모듈 및 전압 조절 방법을 제공하고, 이미지 수집 장치의 모터를 구동하기 위한 구동 장치는 제어 모듈, 구동 모듈 및 전압 조절 유닛을 포함하며; 제어 모듈은 이미지 수집 장치의 변위 정보를 획득하고, 변위 정보에 기반하여 구동 모듈에 구동 전류 명령을 송신하며, 변위 정보에 기반하여 전압 조절 유닛에 전압 조절 신호를 송신하는 데 사용되고; 구동 모듈은 구동 전류 명령에 따라 구동 전류를 생성하는 데 사용되며; 전압 조절 유닛은 전압 조절 신호에 따라, 전원에서 입력한 전압을 구동 전류에 매칭되는 구동 전압으로 조절하고, 구동 전압을 구동 모듈에 전송하여, 구동 모듈이 구동 전류 및 구동 전압을 통해 모터를 구동하도록 하는 데 사용된다. 본 출원은 전압 조절 유닛이 전원에서 입력한 전압을 구동 전류에 매칭되는 구동 전압으로 조절하도록 하는 전압 조절 신호를 생성하여, 전압 조절 유닛이 모터 구동에 필요한 전력에 기반하여 입력된 전압을 제어함으로써, 에너지 효율비를 향상시킨다.","구동 장치, 이미지 수집 모듈 및 전압 조절 방법"
1550012,53911,Sun* Inc,Japan,성신양회 주식회사,본 발명은 킬른을 사용하여 연속식으로 석면슬레이트의 무해화 공정을 진행함과 동시에 무해화된 석면슬레이트를 시멘트 혼화재로 이용할 수 있는 킬른을 이용한 연속식 석면슬레이트 무해화 방법 및 이를 이용하여 제조되는 시멘트 혼화재에 관한 것이다. 본 발명은 (a) 킬른에 폐석면 슬레이트를 공급하는 단계; (b) 상기 킬른을 800~2500℃로 가열하는 단계; (c) 처리된 석면을 회수하는 단계를 포함하는 석면슬레이트 무해화 방법에 있어서 상기 킬른은 로터리 킬른을 사용하며 연속적으로 수행되는 적을 특징으로 하는 킬른을 이용한 연속식 석면슬레이트 무해화 방법을 제공한다.,킬른을 이용한 연속식 석면슬레이트 무해화 방법 및 이를 이용하여 제조되는 시멘트 혼화재
7997167,63237,YU Co Ltd,South Korea,삼성전자주식회사|협진커넥터(주),"본 발명의 다양한 실시 예에 따른 멀티 접속 장치는, 하우징; 및 전기적으로 접속하기 위해, 상기 하우징으로부터 제 1 방향으로 돌출되는 제 1 접속 단자 또는 제 2 방향으로 돌출 되는 제 2 접속 단자를 포함할 수 있다. 이외에 다양한 실시 예들이 가능할 수 있다.",멀티 접속 장치
1978489,441,A Biotech Co Ltd,South Korea,광저우 뉴 디자인 바이오테크놀로지 컴퍼니 리미티드,"본 발명은 경부보조 전방지지구, 좌측판, 우측판, 하악지지판 및 높이조정노브를 구비하는 조정 가능한 경부지지장치를 제공한다. 좌측판과 우측판은 경부보조 전방지지구의 좌단과 우단에 각각 이동 가능하게 연결되고, 하악지지판은 좌측판과 우측판 사이에 연결되며, 높이조정노브는 경부보조 전방지지구에 장착된다. 높이조정노브는 조작 뚜껑과 조작 뚜껑에 연결된 권취 포스트를 포함하고, 권취 포스트는 경부보조 전방지지구 내에 장착되며, 경부보조 전방지지구 내에는 제1 슬라이더 및 제2 슬라이더가 슬라이드 가능하게 장착되고, 제1 슬라이더는 경부보조 전방지지구의 좌단과 좌측판을 슬라이드 가능하게 연결하며, 제2 슬라이더는 경부보조 전방지지구의 우단과 우측판을 슬라이드 가능하게 연결한다. 권취 포스트에는 제1 케이블과 제2 케이블이 감겨져 있으며, 제1 케이블의 양단은 모두 제1 슬라이더에 고정되고, 제2 케이블의 양단은 모두 제2 슬라이더에 고정된다. 본 발명의 조정 가능한 경부지지장치는 높이 조정 조작이 원활하고 조작이 용이하며 사용수명이 길다.",조정 가능한 경부지지장치
1324341,45890,Re:Build,Japan,에이치디한국조선해양 주식회사,"본 발명은 작업자의 용접 숙련도와 상관없이 균일하고 최적의 용접 품질을 얻을 수 있는 지능형 용접시스템 및 용접 방법에 관한 것으로, 본 발명의 지능형 용접시스템은 피용접 부재(10)를 용접하게 되는 용접기(110)와; 상기 용접기(110)에 용접 전원을 공급하기 위한 용접 전원부(120)와; 입력된 피용접 부재의 정보와 부합하는 용접 파라미터를 용접조건 DB로부터 호출하여 상기 용접기(110)와 상기 용접 전원부(120)를 제어하는 지능형 제어기(130)를 포함한다.",지능형 용접시스템 및 그 용접 방법
1371995,47496,Rs S&M Corp,South Korea,한국기초과학지원연구원|호남대학교 산학협력단|주식회사 농업회사법인 구례삼촌,"본 발명은 쑥부쟁이 추출물을 유효성분으로 포함하는 항염증 조성물에 관한 것이다.  본 발명에 따른 조성물은, LPS를 500 ng/ml 처리한 RAW 264.7 세포(2×10  5  cell/well)를 기준으로 할 때 쑥부쟁이 물 추출물 또는 쑥부쟁이 70% 에탄올 추출물을 25~200 ug/ml로 포함하는 것을 특징으로 하는 항염증 조성물에 관한 것이다.  본 발명에 따른 조성물의 항염증 기능성은 세포 독성이 없고, NO 및 PGE  2  의 생성을 저해하며, 염증성 사이토카인 TNF-α, IL-6 및 IL-1β의 발현을 저해하는 효능에 근거한다.",쑥부쟁이 추출물을 유효성분으로 포함하는 항염증 조성물
1065998,37851,nat Inc,Japan,스미스 인터내셔널 인크.,"본 발명은 텅스텐 레늄 화합물, 복합재 및 그 제조방법에 관한 것이다.  텅스텐 레늄 분말이 함께 혼합되어 고온 및 고압에서 소결됨으로써 단일의 화합물을 형성한다. 초경 재료가 또한 첨가될 수 있다. 상기 텅스텐, 레늄 및 초경 재료가 함께 혼합되고, 이어, 고온 및 고압에서 소결된다.","텅스텐 레늄 화합물, 복합재 및 그 제조방법"
3580657,51344,SIT,Japan,에스케이하이닉스 주식회사|충북대학교 산학협력단|고려대학교 세종산학협력단|한국에너지기술연구원,"콘택 구조의 형성 방법, 반도체 소자의 제조 방법, 콘택 구조 및 이를 포함하는 반도체 소자에 관해 개시되어 있다. 개시된 콘택 구조의 형성 방법은 기판 상에 에피택시 공정을 이용해서 다공성 실리콘층을 형성하는 단계, 상기 다공성 실리콘층 상에 유전체층을 형성하는 단계, 상기 유전체층 상에 금속층을 형성하는 단계, 상기 다공성 실리콘층과 상기 유전체층 및 상기 금속층에 대한 열처리 공정을 수행하여 상기 금속층의 금속 원자를 상기 유전체층을 통해 상기 다공성 실리콘층으로 확산시키고 상기 다공성 실리콘층과 반응시켜 상기 다공성 실리콘층의 기공 내에 입체적 구조를 갖는 실리사이드 부재를 형성하는 단계, 상기 금속층 및 상기 유전체층을 제거하는 단계 및 상기 실리사이드 부재와 접촉된 금속성 도전층을 형성하는 단계를 포함할 수 있다.","콘택 구조의 형성 방법, 반도체 소자의 제조 방법, 콘택 구조 및 이를 포함하는 반도체 소자"
2716384,25501,Hi Corp,Japan,아사히 가세이 배터리 세퍼레이터 가부시키가이샤,"규소(Si) 함유 분자를 포함하는 비수계 이차 전지용 세퍼레이터이며, 비수계 이차 전지용 세퍼레이터의 비행 시간형 2차 이온 질량 분석법(TOF-SIMS) 측정으로 검출된 Si 함유 화상에 대해서, 보로노이 분할을 행하여 얻어지는 보로노이 다각형 중 최대 빈도의 보로노이 면적(mu)이, 1.0㎛  2  내지 17.5㎛  2  또는 6.0㎛  2  내지 12.0㎛  2  의 범위 내에 있고, 또한 TOF-SIMS 측정으로 검출된 Si 함유 화상의 보로노이 면적 빈도 분포의 확대(σ)가, 0.5㎛  2  내지 8.5㎛  2  의 범위 내에 있는 비수계 이차 전지용 세퍼레이터가 제공된다.",실록산 분산 가교형 세퍼레이터
251179,9289,CA Communications-Telecom,United States,한국전자통신연구원,"본 발명에 따른 블록체인 생성 장치의 합의노드 선정 방법은, 노드의 난스 체인으로부터 난스를 읽어오는 단계, 상기 읽혀진 난스와 이전 height 정보를 연산하는 단계, 및 상기 노드를 합의노드로 선정하기 위하여 상기 연산된 값과 기준값을 비교하는 단계를 포함할 수 있다.",난스 증명 기반 분산합의 노드 선정 방법 및 장치
2198047,4735,AT Semicon Co Ltd,South Korea,가부시키가이샤 한도오따이 에네루기 켄큐쇼,"편의성, 유용성, 또는 신뢰성이 우수한 신규 광전 변환 디바이스를 제공한다. 제 1 전극(551S)과, 제 2 전극(552S)과, 유닛(103S)을 가지는 광전 변환 디바이스(550S)이고, 유닛(103S)은 제 1 전극(551S)과 제 2 전극(552S) 사이에 끼워지고, 유닛(103S)은 제 1 층(113) 및 제 2 층(114S)을 가지고, 제 1 층(113)은 제 2 전극(552S)과 제 2 층(114S) 사이에 끼워진다. 제 1 층(113)은 제 1 유기 화합물(ETM)을 포함하고, 제 1 유기 화합물(ETM)은 전자 수송성을 가지고, 제 1 유기 화합물(ETM)은 제 1 준위(LUMO1)에 LUMO 준위를 가진다. 또한 제 2 층(114S)은 제 2 유기 화합물(CTM)을 포함하고, 제 2 유기 화합물(CTM)은 실온에서 지연 형광을 방출하고, 제 2 유기 화합물(CTM)은 제 2 준위(LUMO2)에 LUMO 준위를 가진다. 제 2 준위(LUMO2)와 제 1 준위(LUMO1)의 차이는 1.0eV 이하이다.",광전 변환 디바이스 및 표시 장치
6160702,468,A+ Communications & Security,United States,(주)하비스,"본 발명의 캠핑 장치는, 차량의 후방에 설치되는 본체; 상기 본체의 일측에 회동되는 확장판; 상기 확장판을 지지하는 받침판; 을 포함할 수 있다.",받침판을 포함하는 캠핑 장치
587453,22752,Gil On Co Ltd,South Korea,김영길|(주)에너제닉,"본 발명은 화장실용 절전스위치에 관한 것으로서, 보다 상세하게는 화장실 내부로 들어서거나 나가는 동작과 함께 도어의 열고 닫는 작동에 의해 화장실 내부에 구비된 조명등을 자동 및 수동으로 점등과 소등을 시킬 수 있어 에너지 절감을 도모함은 물론이고 사용상 편의를 향상시키고, 저렴한 제조원가를 실현한 화장실용 절전스위치에 관한 것이다.  본 발명에 의하면, 화장실에 들어오거나 나가는 동작에는 인체감지수단이 조명등을 자동으로 점등시키게 됨과 동시에 화장실 도어의 열고 닫는 작동에 의해 푸시버튼스위치가 조명등을 수동으로 점등과 소등을 시킬 수 있어 에너지 절감을 도모함은 물론이고 사용상 편의를 향상시키고, 그 구조가 간단하여 저렴한 제조원가를 실현할 수 있는 효과를 나타낸다.  절전 스위치, 푸시버튼스위치, 동체 감지센서부",화장실용 절전스위치
1278614,44052,Pro!vision GmbH,Germany,에이티아이 프로퍼티즈 엘엘씨,"오스테나이트 합금은 일반적으로 전체 합금 중량을 기준으로한 중량 백분률로, 0.2 이하의 탄소; 20 이하의 망간; 0.1 내지 1.0의 규소; 14.0 내지 28.0의 크롬; 15.0 내지 38.0의 니켈; 2.0 내지 9.0의 몰리브덴; 0.1 내지 3.0의 구리; 0.08 내지 0.9의 질소; 0.1 내지 5.0의 텅스텐; 0.5 내지 5.0의 코발트; 1.0 이하의 티탄; 0.05 이하의 붕소; 0.05 이하의 인; 0.05 이하의 황; 철; 및 부수적인 불순물을 포함할 수 있다.","고강도, 내식성 오스테나이트 합금"
55691,1461,Advanced Tech Co Ltd,Japan,니혼도꾸슈도교 가부시키가이샤|고쿠리츠켄큐카이하츠호진 상교기쥬츠 소고켄큐쇼,"특정 단백질을 고정시키는 특이성이 높은 다공질 지르코니아 입자를 제공한다. 단백질의 고정에 사용되는 다공질 지르코니아 입자이다. BET 법에 의해 측정된 공경 분포에 있어서, 누적 세공 용적이 전체 세공 용적의 50 % 가 되는 세공경 D50 이 3.20 ㎚ 이상 6.50 ㎚ 이하이고, 누적 세공 용적이 전체 세공 용적의 90 % 가 되는 세공경 D90 이 10.50 ㎚ 이상 100.00 ㎚ 이하이다. 전체 세공 용적은, 0.10 ㎤/g 보다 크다.",다공질 지르코니아 입자 및 단백질 고정용 응집체
2766437,26718,iA Inc,South Korea,"어플라이드 머티어리얼스, 인코포레이티드","전자 프로세싱 시스템의 정렬기 스테이션을 교정하기 위한 방법이 제공된다. 이송 챔버의 제1 로봇 암에 의해, 이송 챔버에 연결된 프로세싱 챔버로부터 교정 오브젝트가 리트리브된다. 교정 오브젝트는 프로세싱 챔버에서 타겟 배향을 갖는다. 교정 오브젝트는, 제1 로봇 암에 의해, 이송 챔버에 연결된 로드 락에 배치된다. 교정 오브젝트는, 로드 락에 연결된 팩토리 인터페이스의 제2 로봇 암에 의해, 로드 락으로부터 리트리브된다. 교정 오브젝트는, 제2 로봇 암에 의해, 팩토리 인터페이스에 하우징된 또는 팩토리 인터페이스에 연결된 정렬기 스테이션에 배치된다. 교정 오브젝트는 정렬기 스테이션에서 제1 배향을 갖는다. 정렬기 스테이션에서의 초기 타겟 배향과 정렬기 스테이션에서의 제1 배향 사이의 차이가 결정된다. 정렬기 스테이션에서의 초기 타겟 배향은 프로세싱 챔버에서의 타겟 배향과 연관된다. 초기 타겟 배향과 제1 배향 사이의 차이에 기반하여, 프로세싱 챔버와 연관된 제1 특성 에러 값이 결정된다. 제1 특성 에러 값은 저장 매체에 기록된다. 정렬기 스테이션은 프로세싱 챔버에 배치될 오브젝트들의 정렬을 위해 제1 특성 에러 값을 사용한다.",프로세싱 시스템의 정렬기 스테이션의 교정
4758772,24286,H+E Pharma GmbH,Germany,고려대학교 산학협력단,"RSA 암호시스템의 지수승 연산에 이용되는 사전 연산 테이블 생성 방법을 제공한다. 본 발명의 일 실시예에 따른 RSA 암호시스템의 지수승 연산에 이용되는 사전 연산 테이블 생성 방법은 RSA 암호문을 개인키 지수, 공개키, 랜덤 지수 및 랜덤한 블라인딩값을 기반으로 소정 비트 단위로 지수승 연산하여 복호화할 때 이용되는 사전 연산 테이블을 생성하는 방법에 있어서, 상기 블라인딩값 및 상기 공개키 중 적어도 하나에 기초하여 복수의 고정값과 하나의 변동값을 결정하는 단계; 상기 복수의 고정값, 상기 변동값 및 상기 사전 연산 테이블에 저장된 사전연산값 중 적어도 하나에 기초하는 복수의 상기 사전연산값 각각을 상기 사전 연산 테이블의 대응되는 인덱스에 저장하는 단계; 및 상기 변동값과 상기 암호문을 곱한 값을 새로운 상기 변동값으로 하여, 소정의 완료 조건을 만족할 때까지, 상기 대응되는 인덱스에 저장하는 단계를 반복하여 수행하는 단계를 포함한다.",RSA 암호시스템의 지수승 연산에 이용되는 사전 연산 테이블 생성 방법 및 그 장치
4092447,468,A+ Communications & Security,United States,삼성디스플레이 주식회사,"본 발명은 투과 영역을 기준으로 좌/우에 위치한 표시 영역에 배치된 복수의 화소들과 그 외의 표시 영역에 배치된 복수의 화소들 간에 발생한 휘도 차이를 개선한 디스플레이 장치를 위하여, 투과 영역, 상기 투과 영역을 둘러싸는 표시 영역, 상기 투과 영역과 상기 표시 영역 사이의 제1 비표시 영역, 및 상기 표시 영역을 둘러싸는 제2 비표시 영역을 포함하는 기판; 상기 표시 영역 상에 배열되는 복수의 화소들; 상기 제1 비표시 영역에 배치되고, 상기 투과 영역의 에지의 적어도 일부를 따라 연장하는 2n개의 연결배선들(n은 자연수); 및 각각 제1 방향으로 연장되어 상기 복수의 화소들 중 동일 행에 위치하는 화소들의 적어도 일부에 연결되는 복수의 전압배선들을 포함하고, 상기 복수의 전압배선들 각각은 상기 2n개의 연결배선들 중 하나에 각각 연결되는 디스플레이 장치를 제공한다.",디스플레이 장치
3131880,37565,N3,Japan,"케어퓨전 303, 인크.","공급 캐비닛은 외부 센서와 내부 센서로 설치된다. 상기 외부 및 내부 센서는 고주파 태그들로 태깅되고 상기 센서들 근처의 재고 품목들을 무선으로 감지하고, 공급 캐비닛에 저장된 재고 품목들을 추적하는 방법은 상기 외부 및 내부 센서에 의해 감지하는 타임 시퀀싱에 근거해 재고 품목이 상기 캐비닛으로부터 제거되었거나 상기 캐비닛으로 저장되었는지를 결정하는 단계, 및 이에 따라 재고 데이터베이스를 업데이트하는 단계를 포함한다. 알람은 재고 품목이 인증되지 않은 사용자에 의해 제거될 경우 부가적으로 작동된다.",자동화된 의료 공급 제거/저장 추적 방법 및 장치
108561,3025,AMI,Austria,한국세라믹기술원,"본 발명의 실시예에 따르면, 광원, 편광기, 분석기로 이루어지는 코노스코피 시스템에서, 상기 분석기로부터 출력되는 신호를 분석하는 제어부가 상기 편광기와 분석기 사이에 놓인 시료의 복굴절률을 산출하는 방법으로서, 상기 편광기와 분석기의 각도가 제1 각도이고, 상기 시료에 있어서 상기 편광기와 가장 근접한 면의 결정 방향과 상기 편광기 간의 각도가 제2 각도인 경우의 상기 분석기에서의 제1 광 세기와, 시료의 복굴절로 인해 편광의 경로차가 발생하는 경우 상기 분석기에서의 제2 광 세기를 동일해지기 위한, 시료 통과 과정에서 생성되는 광경로차를 산출하는 단계; 및 산출되는 상기 광경로차와 상기 시료의 굴절률 타원체 모형에 기반하여, 상기 시료의 복굴절률을 산출하는 단계를 포함하는, 복굴절률 산출 방법이 제공된다.",코노스코피 기반 복굴절률을 측정하는 방법
3210173,39208,NM Tech Co Ltd,South Korea,얀마 파워 테크놀로지 가부시키가이샤,"스토이키오메트릭 운전과 린 운전의 스위칭을 원활하게 행할 수 있는 가스 엔진, 그것을 이용한 가스 히트 펌프 장치 및 코제너레이션 장치, 그리고 가스 엔진의 제어 방법을 제공한다. 고부하 시에는 스토이키오메트릭 운전하고 중저부하 시에는 린 운전하는 가스 엔진(1)이며, 가스 엔진(1)에 공기와 연료 가스의 혼합기체를 공급하는 밸브(2)는 스토이키오메트릭 운전을 실현하는 일정한 개구 면적이 확보되고, 스토이키오메트릭 운전으로부터 린 운전으로의 스위칭 운전 종료까지의 동안에 경시적으로 일정하게 개구 면적이 감소되고, 린 운전을 실현하는 일정한 개구 면적이 확보되고, 린 운전으로부터 스토이키오메트릭 운전으로의 스위칭 운전 종료까지의 동안에 경시적으로 개구 면적이 일정하게 증가하도록 스토이키오메트릭용 밸브부(21)와 린용 밸브부(22)를 직렬로 스토이키오메트릭용 밸브부(21)를 믹서(24)측에 연결하여 밸브의 개구 면적의 제어를 행하는 것이다.","가스 엔진, 가스 엔진을 이용한 가스 히트 펌프 장치 및 코제너레이션 장치, 그리고 가스 엔진의 제어 방법"
238674,9251,C&R Research Co Ltd,South Korea,주식회사 익성|인하대학교 산학협력단,"본 발명은 광촉매용 구형 이산화 티타늄/카본 나이트라이드 복합체의 제조 방법에 관한 것으로서, (1) 에탄올, 세틸트리메틸암모늄브로마이드(cethyltrimethylammonium bromide, CTAB), 염화칼륨 용액을 포함하는 혼합 용액에 티타늄 전구체를 첨가하여 구형 이산화 티타늄 제조하는 단계; (2) 멜라민을 열처리하여 카본 나이트라이드를 제조하는 단계; (3) 상기 구형 이산화 티타늄 및 카본 나이트라이드를 혼합하여 수열 합성하는 단계; (4) 상기 (3)단계에서 합성된 시료를 고온에서 소성하는 단계;를 포함한다.  상기와 같은 본 발명에 따르면, 광촉매용 구형 이산화 티타늄/카본 나이트라이드 복합체를 제조함으로써, 우수한 중형기공 구조 형성 및 밴드갭의 감소로 가시광 영역을 효율적으로 사용할 수 있게 됨에 따라 보다 향상된 광촉매적 효율을 갖는 광촉매용 구형 이산화 티타늄/카본 나이트라이드 복합체를 제조할 수 있다.",광촉매용 구형 이산화 티타늄/카본 나이트라이드 복합체의 제조방법
171186,5019,Audio-Video G+M SA,Switzerland,꼼미사리아 아 레네르지 아토미끄 에뜨 옥스 에너지스 앨터네이티브즈|탈레스|쌩뜨레 나티오날 데 라 르세르쉬 생띠끄|유니베르시떼 그르노블 알프스,"본 발명은 적어도 자성층(10)의 자화 방향을 변경하기 위한 장치(12)에 관한 것으로, 이 변경 장치(12)는,  - 강유전성 분극을 가지며, 적어도 자성층(10)과 강유전성 층(14)을 포함하는 적층체(19)를 형성하도록 자성층(10) 상에 또는 아래에 배치되는 강유전성 층(14),  - 적층체(19)의 층의 평면에 평행한 방향을 따라 그 적층체 안으로 전류를 주입하기 쉬운 발생기(16); 및  - 발생기(16)로 자성층(10)의 자화 방향을 변경하기 위해 강유전성 층(14)의 강유전성 분극을 변경하도록 되어 있는 변경 유닛(18)을 포함한다","자성층의 자화 방향을 변경하기 위한 장치, 관련 방법 및 스핀트로닉 시스템"
1492162,51344,SIT,Japan,제주대학교 산학협력단,"본 발명은 채집된 번행초를 세척하고 건조하는 단계; 번행초 건조물을 열수추출하여 액상 추출물을 얻는 단계; 상기 액상 추출물을 건조시켜 번행초 분말염료를 얻는 단계; 상기 번행초 분말염료에 물을 혼합하여 염액을 준비하고, 상기 염액으로 직물을 염색하는 단계를 포함하는 번행초 천연염색 방법을 제공한다. 본 발명의 번행초 천연염색으로 미려한 자연색의 직물 염색이 가능하고 항균성을 지닌 기능성 섬유소재를 제공할 수 있으며, 번행초에 식방풍을 혼합한 염료를 사용함으로써 적은 염료로도 높은 항균성을 얻을 수 있다.",번행초 천연염색 방법
3296973,40839,Opera Ltd,Norway,국립목포대학교산학협력단|동은정공 주식회사,"본 발명은 선체 격벽 관통관 설계 방법에 관한 것으로, 다양한 근사모델을 적용하여 설계공간의 근사화 특성을 평가함으로써 A60급 관통관의 최소중량설계를 수행하는 선체 격벽 관통관 설계 방법에 관한 것이다.  이를 위하여, 본 발명은 선체 격벽에 설치되는 관통관의 설계 시스템에 있어서, 화재시험 절차(Fire Test Procedure, FTP) 규정 코드, 실험계획법, 다중섬 유전자 알고리즘이 저장된 저장부와, 방화 성능을 평가하기 위하여, 상기 저장부에 저장된 화재시험 절차 규정 코드에 나와 있는 시편 사양과, 온도조건을 반영하여 상기 관통관을 유한요소법을 기반으로 과도 열전달 해석을 수행하는 열전달 해석부와, 상기 과도 열전달 해석의 결과와 상기 저장부에 저장된 실험계획법을 연동하는 연동부와, 상기 실험계획법 결과를 기반으로 근사모델을 생성 및 상기 근사모델의 정확도를 산출하는 근사모델 검토부와, 상기 저장부에 저장된 상기 다중섬 유전자 알고리즘을 이용하여, 상기 근사모델 검토단계에서 생성된 근사모델을 기반으로 근사최적화를 수행하는 근사최적화부를 포함하는 것을 특징으로 하는 선체 격벽 관통관 설계 시스템을 제공한다.",선체 격벽 관통관 설계 시스템 및 선체 격벽 관통관 설계 방법
1542603,53701,Struct A/S,Denmark,주식회사 엔알씨구조연구소,"본 발명은 시공성 및 조립성이 향상된 철근커플러에 관한 것으로서, 더욱 상세하게는, 테이퍼진 형상을 가진 커플러바디의 외주면에 배치된 고정너트를 단부측으로 회전결합하여 커플러바디의 내측에 삽입된 철근을 고정하고, 철근이 고정된 복수의 커플러바디를 연결부재를 통해 연결함으로써, 철근이 견고하게 고정되는 동시에 시공성이 우수하고 작업 시간이 단축된, 시공성 및 조립성이 향상된 철근커플러에 관한 것이다.",시공성 및 조립성이 향상된 철근커플러
110847,3028,AMI Inc,Japan,코니카 미놀타 어드밴스드 레이어즈 인코포레이티드,"본 발명은 적어도 보호 기판 두께 t1의 제1 광 정보 기록 매체에 대하여, 제1 광원으로부터 출사되는 제1 파장 λ1의 제1 광속을 이용해서 정보의 재생 및/또는 기록을 행하고, 보호 기판 두께 t3(t1 &lt; t3)의 제3 광 정보 기록 매체에 대하여, 제3 광원으로부터 출사되는 제3 파장 λ3(λ1 &lt; λ3)의 제3 광속을 이용해서 정보의 재생 및/또는 기록을 행하는 광 픽업 장치에 이용되고, 적어도 제1 광학 소자를 갖는 대물 광학계이며, 상기 제1 광학 소자는 광축 방향으로 적층된 재료 A로 이루어지는 제1 부재와 재료 B로 이루어지는 제2 부재를 구비하고, 상기 재료 A와 상기 재료 B는, d선에 있어서의 아베수가 서로 달라 상기 제1 부재와 제2 부재의 경계면에는 제1 위상 구조가 형성되어 있는 대물 광학계, 그 대물 광학계를 탑재한 광 픽업 장치, 및 광 디스크 드라이브 장치를 제공한다.  광 정보 기록 매체, 광 픽업 장치, 광학 소자, 대물 광학계, 광 디스크 드라이브 장치","대물 광학계, 광 픽업 장치, 및 광 디스크 드라이브 장치"
3269771,40417,On Co Ltd,South Korea,미투엔지니어링 주식회사|가천대학교 산학협력단|삼성물산 주식회사|에이치디씨 주식회사,"본 발명은 기존 공동주택의 층간 높이를 무리하게 높이지 않고도 간단한 시공 및 저렴한 비용으로 외부의 신선한 공기를 실내로 끌어들이고, 실내의 오염된 공기를 외부로 배출하여 공동주택의 실내공기를 환기시킬 수 있도록 한 공동주택용 환기 시스템에 관한 것으로, 본 발명의 구성은 급기팬 및 배기팬을 구비하여 실외공기와 실내공기의 급배기를 수행하기 위한 환기장치와, 상기 환기장치와 연통되며, 천장판의 상부공간에 설치되어 실외공기를 실내공간까지 이송시키기 위한 급기덕트와, 상기 환기장치로부터 공급된 실외공기를 실내공간에 공급할 수 있도록 상기 급기덕트와 연통되며, 천장판을 관통하여 천장판 하부에 고정 설치되는 복수의 급기디퓨저와, 공동주택의 실내공간으로부터 천장판 상부공간에 실내공기가 유입될 수 있도록 천장판을 관통하여 천장판 하부에 고정 설치되는 복수의 배기디퓨저와, 상기 천장판 상부에 설치되어 천장판 상부에 유입된 실내공기를 배기하는 배기챔버를 포함하여 이루어지는 공동주택용 환기 시스템에 관한 것이다.  급기덕트, 급기디퓨저, 배기디퓨저, 배기챔버",공동주택용 환기 시스템
1926784,44798,Puraffinity Ltd,United Kingdom,Puraffinity Ltd.," Provided are compositions for removal of a target substance from a fluid stream, the composition comprising a polyamine; and a covalently linked hydrophobic group, wherein the polyamine is covalently linked to a support material. Also provided are processes for removal of a target substance from a fluid stream comprising contacting the fluid stream with a composition comprising a polyamine; and a covalently linked hydrophobic group, wherein the polyamine is covalently linked to a support material. 
				","Modified polyamines grafted to a particulate, solid support as sorbent materials for removal of target substances from fluids"
4076068,467,A&T Corp,Japan,사단법인 부산고등어식품전략사업단,"본 발명은 고등어 부산물과 비타민나무 열매를 포함하는 반려동물 사료 및 그 제조방법에 관한 것으로, 상세하게는 고등어 부산물, 비타민나무 열매, 물, 솔비톨, 인산나트륨, 감자전분, 베타글루칸을 포함하는 반려동물 사료 조성물 및 그 조성물을 포함하는 반려동물 사료의 제조방법에 관한 것이다.  본 발명은 고등어 부산물과 비타민나무 열매를 포함하는 반려동물 사료 및 그 제조방법을 제공함으로써 고등어를 포함하는 종래의 사료에 비해 비린내 저감 효과가 있으며, 고등어 부산물의 활용도가 높고, 항산화 활성이 우수하여 유통기한이 증가하는 효과가 있다.  또한, 사료 내 조지방, 조단백질, 칼슘, 휘발성염기태질소, 크롬, 카드뮴, 비소, 납, 셀레늄, 수은, 및 살모넬라 함량이 모두 사료관리법에 적합하며, 일반세균, 대장균과 같은 미생물이 검출되지 않아 사료의 안정성을 확보할 수 있는 효과가 있다.",고등어 부산물과 비타민나무 열매를 포함하는 반려동물 사료 및 그 제조방법
1703406,59284,VA Corp,South Korea,주식회사 어밸브,"본 발명은 기계학습을 이용하여 장소와 시간에 구애 받지 않고 작물의 최대생장을 이루어낼 수 있는 학습 방법을 제시하고 있으며, 기계학습을 이용한 작물의 최대생장 유도방법은 지도학습을 통해 보편적인 작물 데이터를 학습하고 강화학습을 통해 원하는 환경에서의 작물의 최대 생장을 이루어낼 수 있는 방법을 제공할 수 있다.",기계 학습을 이용한 작물의 최대 생장 구현 방법
2441398,17017,E Sell,Japan,폭스바겐 악티엔게젤샤프트,"본 발명은 특히 차량(1)에서 유저 인터페이스를 제공하기 위한 방법에 관한 것으로, 상기 방법에서 하나 이상의 그래픽 객체(100 - 120)가 접촉 감응면을 가진 디스플레이(2)에 디스플레이되고, 디스플레이(2)의 조작 영역(10)에 할당될 수 있는 조작 의도가 시선 방향으로 디스플레이(2)의 전방 공간에서 무접촉으로 검출되고, 조작 행위가 디스플레이(2)의 조작 영역(10) 내의 그래픽 객체들(100 - 120) 중 하나를 접촉함에 의해 실행된다. 본 발명에 따른 방법은, 3차원 그래픽 데이터가 디스플레이(2)의 조작 영역(10) 내의 그래픽 객체(100 -120)를 위해 계산되고, 조작 의도가 검출된 경우에, 조작 영역(10) 내의 그래픽 객체는, 디스플레이(2)의 평면 내에 평면적으로 인지할 수 있는 표시(100 - 120)로부터 입체적으로 인지할 수 있는 표시(100' - 120')로 변경됨으로써, 시각적으로 강조되는 것을 특징으로 한다. 또한, 본 발명은 유저 인터페이스를 제공하기 위한 연관된 장치(2, 3, 4) 및 상기 유저 인터페이스를 포함하는 차량(1)에 관한 것이다.",특히 차량에서 유저 인터페이스를 제공하기 위한 방법 및 장치
2248678,5983,BAS Corp,Japan,주식회사 레몬베이스,"인공지능 기반 채용 서비스 제공 방법, 장치 및 시스템이 개시된다. 상기 본 개시의 일 면에 따른 컴퓨팅 디바이스에 의해 수행되는, 인공지능 기반 채용 서비스 제공 방법은, 구성원 정보를 수신하는 단계; 상기 수신한 구성원 정보로부터 각 구성원에 대한 평가 데이터를 추출하는 단계; 상기 추출된 각 구성원에 대한 평가 데이터로부터 역량 데이터를 생성하는 단계; 인공지능 기반 상기 역량 데이터를 학습하는 단계; 상기 학습한 역량 데이터에 기초하여 대상 채용 지원자의 이력서 데이터를 분석하는 단계; 상기 분석된 대상 채용 지원자의 이력서 데이터에 대한 채용 서비스 데이터를 생성하는 단계; 및 상기 생성된 채용 서비스 데이터를 제공하는 단계; 를 포함하는 것을 특징으로 한다.","인공지능 기반 채용 서비스 제공 방법, 장치 및 시스템"
338836,14888,Dati,Brazil,가천대학교 산학협력단,"일측면인 하부면이 지면에 접촉되며 상부가 개방된 사각의 박스형상으로 형성된 하부케이스가 구비되며 상기 하부케이스 내부에 Z-stage가 구비되는 개괄제어부; 상기 개괄제어부의 상부에 위치되며 좌우측면에 적외선센서 및 음향센서가 구비되고 상부에 복수의 액츄에이터가 구비되며 상기 복수 개의 액츄에이터의 상부에 원기둥부재가 결합되어 압력센서가 위치되는 정밀제어부; 및 상기 정밀제어부의 복수개의 액츄에이터의 상부에 위치되어 메모리폼 재질로 형성되는 안착부; 를 포함하는 스마트베개가 자동으로 높이 조절되는 스마트베개가 개시된다. 본 발명의 일 측면에 따르면, 일측면이 지면에 접촉되며 사각의 박스형상으로 상부면이 개방된 하부케이스가 구비되며 상기 하부케이스 내부에 Z-stage가 구비되는 개괄제어부; 상기 개괄제어부의 상부에 위치되며 좌우측면에 적외선센서 및 음향센서가 구비되고 상부에 복수의 액츄에이터가 구비되며 상기 복수 개의 액츄에이터의 상부에 압력센서가 구비되는 정밀제어부; 및 상기 정밀제어부의 복수개의 액츄에이터의 상부에 위치되어 메모리폼 재질로 형성되는 안착부;를 포함하는 스마트베개가 제공될 수 있다.",스마트 베개
2393275,14888,Dati,Brazil,충북대학교 산학협력단,"본 발명은 전력 제어 시스템에 관한 것으로서, 전력 수요자에게 전력을 공급하되, 전력 수요자의 전기 사용량에 따라 전기료를 부과하는 전력 공급자, 상기 전력 공급자로부터 공급된 전력을 저장하는 메인 ESS, 시프트 가능 기기, 시프트 불가능 기기, 태양광을 전기에너지로 변환하여 전력을 생산하는 PV(Photovoltaics), 상기 메인 ESS와 상기 PV로부터 전달받은 전력을 상기 시프트 가능 기기와 상기 시프트 불가능 기기에 공급하기 위한 서브 ESS 및 서브 ESS 제어 시스템을 포함하여 이루어지며, 상기 메인 ESS와 계층 구조를 형성하는, 하나 이상의 서브 ESS 모듈 및 상기 메인 ESS와 각 서브 ESS로 이루어지는 계층적 ESS의 최적 SoC를 유지하되, 상기 전력 공급자로부터 공급되는 전력을 최소화하여 전기료가 최소화되도록 상기 전력 공급자, 상기 메인 ESS 및 상기 하나 이상의 서브 ESS 모듈을 제어하는 메인 ESS 제어 시스템을 포함한다. 본 발명에 의하면, 계층적 ESS(메인 ESS, 서브 ESS)을 이용하여 메인 ESS와 서브 ESS가 서로 충방전을 함으로써, 계층적 ESS의 최적 SoC를 유지할 수 있다는 효과가 있다.",계층적 ESS 기반 최적 SoC 제어를 통해 전기료를 최소화하는 전력 제어 시스템
235086,9250,C&G Hi Tech Co Ltd,South Korea,장안하이텍주식회사,"본 발명은 수량의 표시와 온도 표시가 인쇄된 2장의 필름의 상부에 각각 밀폐부를 융착하는 과정과, 밀폐부를 융착한 2개의 필름의 양쪽 가장자리를 융착하는 과정과, 가장자리를 융착한 필름의 하단부를 열어서 바닥필름을 융착하는 과정과, 밀폐부 상부와 하부에 절취선을 구성하는 이유식 팩의 제조방법에 있어서,  2차 절취선은 팩의 일부를 절취하도록 구성하는 이중절취선과, 팩의 가온 시 설정한 온도로 확인할 수 있도록 구성되는 온도표시 채색선과, 2차 절취선 아래 어느 한쪽에 손 가락을 삽입할 수 있는 관통구를 구성하는 이유식 팩과 그 팩을 이용한 팩의 제조방법에 관한 것이다.",이유식 팩과 그 이유식 팩의 제조방법
1561942,54819,SYSTEMS CO LTD,Japan,한화시스템 주식회사,"본 발명은 몸체부, 상기 몸체부에 설치되고, 내부에 수납공간을 갖는 보관부, 상기 수납공간을 개폐시키도록, 상기 몸체부에 결합되는 덮개부 및 상기 보관부에 설치되는 제1 자성체와, 상기 제1 자성체에 접촉할 수 있도록 상기 수납공간 내로 삽입 가능한 제2 자성체를 구비하는 전원부;를 포함하는 무인잠수정 및 전원 제어 방법에 관한 것이다.",무인잠수정 및 전원 제어 방법
2604874,21917,G Ace,Japan,주식회사 종근당,본 발명의 사쿠비트릴ㆍ발사르탄 칼슘염을 포함하는 약제학적 조성물은 콜로이드성 이산화규소와 선택적으로 마그네슘 무기염을 추가로 포함함으로써 종래 사쿠비트릴ㆍ발사르탄 나트륨염과 비교하여 낮은 흡습성을 가지면서도 용출율과 생체이용률이 우수하다.,사쿠비트릴ㆍ발사르탄 칼슘염을 포함하는 약제학적 조성물
872604,29881,JI Software Ltd,Ireland,베이징 시아오미 모바일 소프트웨어 컴퍼니 리미티드,"본 발명은 안테나 구조 및 이동 단말기에 관한다. 상기 안테나 구조는 제1 안테나와 제2 안테나를 포함하고; 제1 안테나는 제1 주파수 대역의 신호를 방사하는데 사용되고; 제2 안테나는 제2 주파수 대역의 신호를 방사하는데 사용되며, 제2 주파수 대역의 주파수는 제1 주파수 대역의 주파수보다 높고; 제2 안테나는 제1 안테나의 상방에 적층되어 설치된다. 본 발명의 실시예에 따른 기술 방안은 제2 안테나를 제1 안테나 위에 적층하여 설치함으로써 안테나의 공간 이용률을 향상시키고, 안테나의 비용을 절감하고, 안테나의 고 집성화를 구현하며, 안테나의 레이아웃이 더욱 유연하게 되도록 한다. 또한, 이동 단말기의 다른 하드웨어의 이용률이 증가하게 되어 전체적인 이동 단말기 시스템의 성능의 최적화가 편리하게 수행될 수 있다.",안테나 구조 및 이동 단말기
2887851,29376,ITE,Japan,도쿄엘렉트론가부시키가이샤,"부품 점수가 적고 간소한 구조임에도 불구하고, 기판에 휨 또는 뒤틀림이 있어도 안정적으로 진공 흡착하여 보지(保持)할 수 있는 기판 보지 장치를 제공하는 것이다. 흡인 통로(31)를 가지는 반송 암 본체(30)와, 기판을 진공 흡착하여 보지하는 흡착면(41)과 흡인구(42)를 가지는 흡착부(44)와, 흡인구와 연통하는 흡인 홀(45)이 형성되는 원통 형상의 장착부(43)를 구비하는 패드 본체(40)와, 패드 본체의 장착부가 이동 가능하게 삽입 가능한 삽입 홀(51)과, 흡인 홀과 흡인 통로에 연통하는 연통로(54)가 형성되고, 반송 암 본체(30)에 대하여 고정되는 패드 보지 부재(50)와, 패드 본체의 장착부에 형성되는 원호 형상의 외주 홈(46)과 패드 보지 부재의 삽입 홀에 형성되는 원호 형상의 내주 홈(55)의 사이에 개재되고, 탄성 변형 가능한 원형 단면의 O링(60)을 구비한다.",기판 보지 장치
1511379,52323,Solution Co Ltd,South Korea,주식회사 제이에스솔루션,"본 발명은 표적을 자동으로 인식하고 식별 및 추적하기 위한 장치 및 방법에 관한 것으로서, 특히 본 발명은 좌우 양안에 각각 해당하는 두 개의 비접촉식 다중 적외선 온도 센서를 이용하여 표적의 특징적인 온도를 자동으로 감지하여, 감지된 표적의 크기 및 거리를 정확히 식별하고, 식별된 표적의 이동을 추적할 수 있는 인공지능형 장치 및 방법을 제공한다.",표적 자동 식별과 추적 가능한 인공지능형 장치 및 방법
62950,1911,AI Technology Co Ltd,Thailand,주식회사 나노텍세라믹스|한국소재융합연구원,"본 발명은 우수한 내구성을 유지함과 동시에 내열성이 향상되어 경시변화에 따른 수축율이 현저히 낮아 변형이 거의 발생하지 않으므로, 고온 및 위생적인 환경에서 사용 가능한 효과가 있다.  또한, 본 발명은 사출 성형에 따른 조기 발포 및 분산 불량에 따른 외관에 무늬가 발생하는 문제점을 해결하여 사출 성형이 용이한 효과가 있다.",내열성이 향상된 경량 신발 제조용 조성물 및 이를 이용한 경량 신발
1521042,52606,Space. P Co,South Korea,한화에어로스페이스 주식회사,"본 발명의 일 실시예에 따른 델타 로봇 캘리브레이션 방법은, 베이스와, 상기 베이스에 설치되는 감속 모터와, 상기 감속 모터에 연결되는 액티브 암 및 상기 액티브 암에 연결되는 패시트 암을 포함하는 델타 로봇에 대한 캘리브레이션 방법이며, 일정 길이의 캘리브레이팅 바 및 상기 캘리브레이팅 바의 하단에 결합된 캘리브레이팅 이펙터를 포함하는 캘리브레이터를 상기 베이스에 결합하는 단계, 상기 패시브 암을 상기 캘리브레이팅 이펙터에 연결하는 단계, 상기 캘리브레이팅 이펙터의 하부면 및 측면을 촬영하는 단계, 상기 촬영된 상기 캘리브레이팅 이펙터의 이미지를 기초로 상기 캘리브레이터, 상기 감속 모터, 상기 액티브 암 및 상기 패시브 암 중 적어도 하나를 캘리브레이션하는 단계 및 상기 캘리브레이터를 제거하고 상기 패시브 암에 엔드 이펙터를 조립하는 단계를 포함한다.",델타 로봇 캘리브레이션 방법 및 델타 로봇 캘리브레이션 장치
734232,27052,IES Ltd,United Kingdom,아라까와 가가꾸 고교 가부시끼가이샤,"(과제)  활성 에너지선 경화성 수지조성물, 코팅제 키트, 경화물 및 적층물을 제공하는 것이다.  (해결수단)  본 개시는, (메타)아크릴로일기 함유 실리카 입자, 폴리(메타)아크릴레이트 및 α-히드록시디메틸아세토페논기 함유 광중합개시제를 포함하고, 상기 광중합개시제의 함유량은, 고형분 100질량%에 대하여 1질량% 이상인 활성 에너지선 경화성 수지조성물을 제공한다.","활성 에너지선 경화성 수지조성물, 코팅제 키트, 경화물 및 적층물"
1651091,58491,U&I Corp,South Korea,미쯔비시 케미컬 주식회사,"메타크릴산메틸과, 피루브산메틸 및 2-메틸부티르산메틸 중 적어도 하나의 화합물을 포함하는, 단량체 조성물.","단량체 조성물, 메타크릴계 수지 조성물 및 수지 성형체"
530806,19890,FACT Co Ltd,Japan,타이완 세미콘덕터 매뉴팩쳐링 컴퍼니 리미티드,"금속 게이트 교체 통합 체계와 관련하여, 본 개시는 주변 층들을 손상시키지 않으면서 높은 민감성의 습식 에칭 화학물질로 폴리실리콘 게이트 전극을 제거하는 것을 기술한다. 예컨대, 습식 에칭 화학물질은 입체 장애 아민 구조를 구비한 하나 이상의 알칼리성 용매, 수산화 테트라메틸암모늄(TMAH) 및 모노에탄올아민(MEA)을 포함한 버퍼 시스템, 하나 이상의 극성 용매, 및 물을 포함할 수 있다.",선택적 실리콘 에칭용 습식 에칭 화학물질
1150051,39677,NSC Co Ltd,Japan,주식회사 디엔솔루션즈,"본 발명은 사이클 가공시에 수치제어부에 의해 생성된 공구경로 중에서 비절삭 경로 구간을 최단경로로 선택하여 사이클 가공을 수행하도록 수치제어부의 가공프로그램의 공구경로를 변경하여 비절삭 시간을 감소시켜 최종적으로 전체 가공 시간을 단축하고, HMI부를 통해 입력된 가공프로그램과 이를 전달받아 공구경로를 형성하는 수치제어부에서 사이클 가공시에 공구경로 중에서 비절삭 경로 구간이 최단경로가 되도록 자동으로 공구경로를 계산하고, 이를 종래 공구경로와 비교하여 전체 가공시간이 단축되는 공구경로로 가공을 수행함에 따라 공작기계의 생산성을 향상시키며, 사용자의 만족도를 극대화할 수 있는 공작기계의 사이클 가공시 공구경로 변경장치 및 변경방법에 관한 것이다.",공작기계의 사이클 가공시 공구경로 변경장치
872178,29812,Jeisys Med Inc,South Korea,주식회사 제이시스메디칼,"본 개시는 지지판에 장착된 전극 지지대; 전극 지지대에 장착되고, 약액 전달 장치의 전극부와 전기적으로 연결된 고정 전극; 전극 지지대와 이격되어 장착되고, 로터리 축을 지지하는 축 지지대; 및 로터리 축에 의해 구동 모터와 연결되도록 마련된 로터리 전극; 을 포함하고, 로터리 전극이 고정 전극에 대향되고, 방전이 발생하면, 저장 장치에 충전된 펄스드 파워를 기 설정된 주기 동안 약액 전달 장치의 전극부로 전달하는 것을 특징으로 할 수 있다.",약액 전달 장치용 스위치 장치
3277944,40615,Oni Ltd,United Kingdom,삼성전자주식회사,"본 발명은 디스플레이장치에 관한 것으로서, 디스플레이부; 서버와 통신하는 통신부; 반려동물에 관한 정보를 획득할 수 있는 센서부; 및 제1화질값을 적용하여 컨텐츠를 상기 디스플레이부에 표시하고, 상기 제1화질값을 적용한 컨텐츠의 표시 중에 상기 센서부에 의해 획득된 상기 반려동물에 관한 객체정보를 상기 통신부를 통하여 상기 서버에 전송하고, 상기 서버로부터, 상기 객체정보에 기초하여 식별된 상기 반려동물에 대응하는 제2화질값을 수신하고, 상기 수신된 제2화질값을 적용하여 상기 컨텐츠를 상기 디스플레이부에 표시하는 프로세서를 포함할 수 있다",디스플레이장치 및 그 제어방법
1497993,51939,SNC Co Ltd,Japan,주식회사 휴온스엔|재단법인 진안홍삼연구소,본 발명은 효소전환법을 사용하여 홍삼농축액에서 진세노사이드 Rd의 함량을 증가시키는 방법에 관한 것이다. 본 발명에 따른 진세노사이드 Rd 함량이 증가된 홍삼 효소전환물의 제조방법은 홍삼농축액을 정제수에 가하여 희석액을 준비하는 단계; 상기 희석액을 50 내지 70℃로 가열하는 단계; 상기 가열된 희석액에 희석액 총 중량 대비 1 내지 50중량%의 효소를 첨가하는 단계; 상기 효소 첨가 희석액을 50 내지 70℃에서 2 내지 24시간 동안 숙성시키는 단계; 및 상기 숙성된 희석액을 90 내지 99℃에서 30분 내지 2시간 동안 불활성화시키는 단계를 포함한다. 본 발명의 방법은 홍삼농축액 중 진세노사이드 Rd의 함량을 2배 이상 증가시킬 수 있다.,진세노사이드 Rd 함량이 증가된 홍삼 효소전환물의 제조 방법
1808966,4807,Athenahealth Inc,United States,"athenahealth, Inc."," Methods and apparatus for generating a template for automatic data capture are described. The method comprises determining locations of a plurality of data fields in a first document, wherein the plurality of data fields are identified based, at least in part, on structured data associated with the first document, identifying at least one second document that includes the plurality of data fields in locations similar to those determined for the first document to produce a set of documents, determining locations of a plurality of anchorboxes describing common text elements of the set of documents, and generating the template, wherein the template describes locations of the plurality of anchorboxes and locations of the plurality of data fields. 
				",Document template auto discovery
1860245,25443,Hewlett Packard Enterprise,United States,HEWLETT PACKARD ENTERPRISE DEVELOPMENT LP," Examples describe mechanisms for maintaining consistent subscriber data on geo-redundant subscriber databases. In an example, a request to perform an operation related to subscriber data may be received on a subscriber database, wherein the subscriber database may be a geo-redundant deployment of a separate subscriber database. The connectivity status of a synchronization link between the subscriber database and the separate subscriber database may be determined. In response to the determination that the connectivity status of the synchronization link between the subscriber database and the separate subscriber database is disconnected, the request to perform the operation related to the subscriber data on the subscriber database may be denied. 
				",Maintaining consistent subscriber data on geo-redundant subscriber databases
7390788,40413,on,Japan,홍익대학교 산학협력단,도어 핸들 장치(100)가 제공된다. 상기 도어 핸들 장치(100)는 핸들 유닛(110); 및 상기 핸들 유닛(110)을 차량 도어(10)로부터 돌출 또는 매립시키도록 구성되는 매립/돌출 유닛(120)을 포함할 수 있다.,곡선형 도어 핸들 장치
1914359,39834,Nutanix Inc,United States,"Nutanix, Inc."," An apparatus may include a processor and a non-transitory, computer-readable memory comprising instructions which, when executed by the processor, cause the processor to determine that a first portion of a virtual machine (VM) to be migrated is dirty, determine that a second portion of the VM is dirty, and based on the first portion and the second portion being dirty, mark the first portion, the second portion, and a third portion of the VM as dirty. 
				",EFFICIENT VM LIVE MIGRATION
530334,19890,FACT Co Ltd,Japan,타이완 세미콘덕터 매뉴팩쳐링 컴퍼니 리미티드,"방법은, 반도체 기판으로부터 돌출된 핀 위에 더미 게이트 스택을 형성하는 단계, 더미 게이트 스택의 측벽들에 게이트 스페이서들을 형성하는 단계, 게이트 트렌치에 깔때기형 개구부를 형성하기 위해 게이트 스페이서들의 상부들을 트리밍하는 단계를 포함하는, 게이트 스페이서들 사이에 게이트 트렌치를 형성하는 단계, 및 게이트 트렌치 내에 금속 게이트 구조물을 형성하는 단계를 포함한다. 반도체 구조물은, 기판으로부터 돌출된 핀, 핀 위에 배치된 금속 게이트 구조물, 금속 게이트 구조물의 측벽들에 배치된 게이트 스페이서들 - 각각의 게이트 스페이서의 상면은 반도체 핀을 향해 각짐 - , 각각의 게이트 스페이서의 상면 위에 배치된 유전체층, 및 금속 게이트 구조물과 접촉하도록 게이트 스페이서들 사이에 배치된 전도성 피처 - 전도성 피처의 측벽들은 유전체층과 접촉함 - 를 포함한다.",금속 게이트 구조물들 및 전계 효과 트랜지스터들에 금속 게이트 구조물들을 제조하는 방법들
1820275,9863,Caribou Biosciences Inc,United States,"Caribou Biosciences, Inc."," The present disclosure provides engineered cross-type-nucleic-acid targeting nucleic acids and compositions thereof. Nucleic acid sequences encoding the engineered cross-type-nucleic-acid targeting nucleic acids, as well as expression cassettes, vectors and cells comprising such nucleic acid sequences, are described. Also, methods are disclosed for making and using the engineered cross-type-nucleic-acid targeting nucleic acids and compositions thereof. 
				",Engineered nucleic-acid targeting nucleic acids
1292982,44924,Q C M Inc,United States,퀄컴 인코포레이티드,"본 개시내용은 전력 소비 및 비용을 감소시키기 위해 메모리 클록보다 낮은 주파수에서 메모리 코어의 적어도 부분들을 동작시키는 것을 지원하는 메모리 시스템들을 위한 시스템들, 방법들, 및 디바이스들을 제공한다. 제1 양태에서, 메모리 제어기는 메모리 클록의 클록 사이클의 제1 부분에 대한 제1 메모리 동작을 스케줄링하기 위한 제1 코어를 포함하고, 메모리 클록의 클록 사이클의 제2 부분에 대한 제2 메모리 동작을 스케줄링하기 위한 제2 코어를 포함한다. 다른 양태들 및 특징들이 또한 청구되고 설명된다.",다중-코어 메모리 제어기
675922,25973,HOS,Japan,서울대학교병원,"본 발명은 전자의무기록(EMR) 시스템 기반 이미지 데이터 표시 방법에 있어서, 환자별 진료 경과 모니터링을 지원하기 위한 진료 경과 데이터 서비스 모드가 실행되면, 의료 서비스 타입별 기발행된 진료 서식을 EMR 화면 내 기설정된 영역별로 릴레이 표시하는 과정과, 상기 릴레이되어 표시된 진료 서식별 기등록된 이미지 데이터를 호출하고, 상기 호출된 이미지 데이터를 상기 EMR 화면 내 특정 아이템 화면 요청신호에 응답하여 기설정된 기준에 따라 항목화된 화면을 생성하여 표시하는 과정과, 상기 항목화된 화면에 표시된 복수의 이미지 데이터에 대한 보기 모드를 사용자 인터럽트에 따라 적응적으로 선택하여 표시하는 과정을 포함함을 특징으로 한다.",전자의무기록 시스템 기반 이미지 데이터 표시 방법 및 시스템
1066024,37851,nat Inc,Japan,주식회사 두한바이오|농업회사법인주식회사 네이처팜,"본 발명은 미배아, 쌀겨 및 콩류 유래 펩타이드를 사카로미케스(Saccharomyces)속 및 이사첸키아(Issatchenkia)속 미생물로 이루어진 군에서 선택된 어느 하나 또는 둘 이상의 미생물에 의해 발효시킨 발효물 및 이의 제조방법에 관한 것으로, 상기 발효물은 혈중 알코올 농도 및 알코올 구취를 감소시키는 알코올 내성 부여 효과와 함께 고농도의 피틴산을 함유하여 항산화 효과를 지니므로, 숙취방지용 식품, 알코올 구취방지용 식품 등에 널리 활용될 수 있다.","알코올 내성 부여를 위한 미배아, 쌀겨 및 콩류 유래 펩타이드를 사카로미케스속 또는 이사첸키아속 미생물에 의해 발효시킨 발효물 및 이의 제조방법"
1529984,53379,Stem Inc,United States,엘지 퓨얼 셀 시스템즈 인코포레이티드,"일부 실시예에 따르면, 본 발명는 각각 유틸리티 그리드에 전력을 공급할 수 있는, 연료 전지 및 터빈 발전기를 갖는 시스템, 및 이를 작동시키는 방법에 관한 것이다. 상기 시스템은 메인 AC 버스를 가지며 상기 AC 메인 버스는 유틸리티 그리드에 연결 가능하다. 연료 전지는 인버터를 통해 메인 AC 버스에 연결될 수 있다. 터빈 발전기는 일련의 인버터를 통해 메인 AC 버스에 연결될 수 있으며, 상기 인버터들 중 하나는 연료 전지를 메인 AC 버스에 연결시킨다. 시스템이 유틸리티 그리드로부터 분리되는 경우에, 연료 전지, 터빈 발전기 또는 둘 모두로부터 생성된 전력을 위한 부하를 제공하기 위해 하나 이상의 부하 뱅크가 제공될 수 있다. 추가 지원 시스템 및 백업 시스템이 제공될 수 있다.",연료 전지 전력 시스템용 AC 결합 전력전자 시스템
2241797,5713,b+m Informatik AG,Germany,현대모비스 주식회사,"본 발명은 펠티어 소자를 이용한 오토 디포그 장치 및 그 방법에 관한 것이다.  본 발명에 따른 펠티어 소자를 이용한 오토 디포그 장치는 차량 내부 및 외부의 온습도 정보를 수집하는 입력부와, 온습도 정보를 이용하여 오토 디포그 기능을 제공하는 프로그램이 저장된 메모리 및 프로그램을 실행시키는 프로세서를 포함하고, 프로세서는 온습도 정보 분석 결과에 따라 차량 윈도우에 배치된 펠티어 소자에 전원을 공급하도록 제어한다.",펠티어 소자를 이용한 오토 디포그 장치 및 그 방법
2019534,469,A+ Conferencing Ltd,United States,브랜슨울트라쉬홀나이더라숭데에머슨테크놀로지스게엠베하앤드코.오하게,"제 1 구성요소(3; 103)를 제 2 구성요소 또는 용접된 구성요소의 적층체(5; 105)에 용접하기 위한 진동 용접 장치(1; 100)는, 제 1 지지부(107)에 배치되는 진동 용접 헤드를 갖는 상부 도구(10; 110)인 제 1 도구(진동 용접 헤드는 사용시에 제 1 평면에서, 바람직하게는 제 1 축(X)을 따라서만 진동하고, 제 1 도구는 제 1 구성요소(3; 103)를 수용하는 역할을 함), 및 제 2 지지부(109)에 배치되는 하부 도구(12; 112)이고, 제 2 구성요소 또는 용접된 구성요소의 적층체(5; 105)를 수용하는 역할을 하는 제 2 도구를 포함하고, 제 1 지지부(107) 및 제 2 지지부(109)는 적어도 제 1 평면에 수직인 제 2 축선(Z)을 따라 초기 위치로부터 진동 용접 위치로 서로에 대해 이동 가능하고, 진동 용접 장치는 적어도 2개의 대향 배치되는 클램핑 기구(14; 114)를 포함하는 클램핑 장치를 포함하고, 각 클램핑 기구는 제 1 축선(X)을 따라 클램핑 위치와 개방 위치 사이에서 이동 가능한 클램핑 표면(16; 116)을 가지며, 클램핑 위치에서 적어도 제 1 축선(X)을 따르는 제 2 구성요소 또는 용접된 구성요소의 적층체(5; 105)의 이동이 진동 용접 동안에 방해를 받게 된다",진동 용접 장치 및 진동 용접 방법
123289,3296,Ango Ai,Turkey,망고부스트코리아 주식회사,"본 개시의 실시예에 따른 서버 장치는, TOE 라이브러리(TCP/IP Offload Engine library)로 컨트롤 커맨드(control command) 및 데이터 커맨드(data command)를 후킹(hooking)하여, 상기 컨트롤 커맨드를 제1 패스(path)로 처리하고, 상기 데이터 커맨드를 상기 제1 패스와 다르고 상기 제1 패스와 TCP 세션에 대한 정보를 공유하는 제2 패스로 처리하는 호스트 장치(host device); 및 상기 컨트롤 커맨드 및 상기 데이터 커맨드를 수신하고 TCP 연산을 수행하여 TCP 패킷(TCP packet)을 생성하는 TOE 기반 네트워크 인터페이스 장치(network interface device);를 포함한다.","데이터 처리 효율을 향상시킬 수 있는 TOE 기반 네트워크 인터페이스 장치, 서버 장치 및 서버 장치의 동작 방법"
6523620,14888,Dati,Brazil,단국대학교 산학협력단,"본 발명은, 전기 전도성이 향상된 분해성 나노멤브레인 및 이의 제조방법에 관한 것이다.",전기 전도성이 향상된 분해성 나노멤브레인 및 이의 제조방법
1255746,41497,P&P Tech Ltd,United Kingdom,파워카본테크놀로지 (주),"전기 이중층 캐패시터 전극의 레이트 특성이나 플로트 특성을 향상시킬 수 있는 전기 이중층 캐패시터 전극용 활성탄, 및 그 제조 방법을 제공한다. 탄소 원료의 평균 입자 직경을 1㎛~15㎛로 조정하는 분쇄 공정과, 평균 입자 직경을 조정한 상기 탄소 원료를 알칼리 부활제와 혼합하여 혼합물을 얻는 혼합 공정과, 상기 혼합물을 불활성 가스 분위기하에서 가열함으로써 부활 처리하는 부활 처리 공정을 적어도 포함하고, 상기 부활 처리 공정이, 상기 불활성 가스에 수증기를 혼입한 분위기하에서 부활 처리하는 단계를 포함하는 전기 이중층 캐패시터 전극용 활성탄의 제조 방법.",전기 이중층 캐패시터 전극용 활성탄 및 그 제조 방법
2402110,14988,dcom Co Ltd,Japan,동서대학교 산학협력단|주식회사 갭스앤디컴퍼니|한일건설 주식회사,"본 발명은 NFC 전자 명함을 이용한 실시간 제품 및 회사소개 서비스 방법에 관한 것으로, NFC 태그를 내장한 전자명함(10), 스마트 폰(50), 기지국(60) 및 서버(70)로 구성되어 NFC 태그를 내장한 전자명함(10)으로부터 태그값을 인지한 스마트 폰 애플리케이션이 서버에 접속하여 인지한 태그값을 전송하고, 데이터베이스로부터 그 코드값에 대응되는 회사 정보, 제품 동영상 및 제품 설명 등의 자료를 수신함으로서 회사의 소개 및 제품을 홍보할 수 있도록 구성되는 것을 포함하는 것으로, 본 발명에 따른 NFC 전자 명함을 이용한 실시간 제품 및 회사소개 서비스 방법은 상술한 바와 같은 특유의 구성을 구비하는 것에 의해서, 사용자가 광범위한 양의 소개 및 마케팅 데이터를 소비자의 시간할애에 대한 요구 없이 전달할 수 있는 장점이 있다.  뿐만 아니라, 본 발명에 의해, 단순히 연락처만을 전달하는 명함 고유의 기능에서 벗어날 뿐만 아니라, 소비자가 소속기관이나 제품 등에 대한 정보가 필요할시 기타 수단을 동원하여 직접 자료에 접근하여 수집하던 불편함을 해소하고, 전자명함만으로 기타 수단의 동원없이 자료를 제공할 수 있는 효율적 시스템 구성이 가능하다.  또한, 본 발명에 따르면, 오늘날 소비자의 요구없이 무차별적으로 발생하는 스팸성 광고에 대한 부정적 인식에 대한 걱정없이 원하는 소비자에 의해서만...(이하생략)",NFC 전자 명함을 이용한 실시간 제품 및 회사소개 서비스 방법
1861804,25443,Hewlett Packard Enterprise,United States,Hewlett Packard Enterprise Development LP," A system for discovering tunnel neighbors is provided. During operation, the system can establish, at a first switch, a tunnel with a second switch in an overlay tunnel fabric that includes the first and second switches. Upon establishing the tunnel, the system can generate a discovery packet comprising a first set of discovery information indicating the configuration and capabilities of the first switch associated with the tunnel. The system can send the discovery packet to the second switch via the tunnel prior to initiating payload data communication via the tunnel. The system can also receive a second discovery packet from the second switch via the tunnel. The second discovery packet can include a second set of discovery information indicating the configuration and capabilities of the second switch associated with the tunnel. The system can then store the second set of discovery information in an entry of a data structure. 
				",TUNNEL NEIGHBOR DISCOVERY
1764287,62891,Y's Inc,Japan,3디 시스템즈 인코오퍼레이티드,"본 발명은 두 개의 다른 양이온성 광개시제를 포함하는 광개시제 조성물 및 상기 광개시제 조성물을 포함하는 광경화성 조성물에 관한 것이다. 더욱이, 본 발명은 광개시제 조성물 및 광경화성 조성물의 용도에 관한 것이다. 또한, 본 발명은 3차원 물품의 제조방법에 관한 것이다.  광개시제, 광개시제 조성물, 광경화성 조성물, 3차원 물품의 제조방법","이중 광개시제, 광경화성 조성물, 그것의 용도 및 3차원 물품의 제조방법"
3039015,33958,M-Com S.R.O.,Czech Republic,한국전자통신연구원|삼성전자주식회사,"본 발명은 기지국의 변조 장치 및 방법에 관한 것으로 복수의 섹터로 각각 대응하는 하향 링크 심볼을 송신하는 적어도 하나의 안테나를 포함하는 기지국의 변조 장치는 섹터별 복수의 제어 정보를 순차적으로 획득하고, 제어 정보에 따라 물리적 제어 채널과 전송 채널 중 어느 하나를 포함하는 물리 채널을 생성하고, 물리 채널을 순차적으로 변조하고, 물리 채널을 변조한 결과를 이용하여 적어도 하나의 안테나에 각각 대응하는 하향 링크 심볼을 생성한다.",기지국의 변조 장치 및 방법
1724292,61673,Wi Co Ltd,South Korea,주식회사 케이엔아이씨,"본 발명의 일 실시예에 따른 낙상 감지 패드는 제1 감지층 및 제1 감지층과 스폰지를 매개로 절연되어 형성되는 제2 감지층을 포함하고, 제1 감지층 및 제2 감지층 각각은, 복수의 셀 그룹을 포함하고, 제1 감지층의 복수의 셀 그룹과 제2 감지층의 복수의 셀 그룹은 서로 대응되게 배치되고, 복수의 셀 그룹 각각은 복수의 감지 셀 및 복수의 감지 셀을 전기적으로 연결하는 배선 라인을 포함하며, 복수의 감지 셀의 형상은, 원형 또는 다각형으로, 환자의 하중에 의해 힘이 작용하는 경우, 제1 감지층의 복수의 셀 그룹 중 적어도 하나의 셀 그룹과 제1 감지층의 적어도 하나의 셀 그룹에 대응되게 배치된 제2 감지층의 셀 그룹이 상호 접속됨으로써, 대응되게 배치된 셀 그룹간 구동 신호가 전달되도록 구성되며, 구동 신호는, 전압일 수 있다.","낙상 감지 패드, 및 낙상 감지 장치"
1209676,40681,Ontec Co Ltd,Japan,주식회사 일원테크,"본 발명은 교량용 신축이음장치의 방수부재 체결구에 관한 것으로서, 더욱 상세하게는 교량 구조물에 방수부재를 설치하기 위한 수단을 별도로 마련하여, 교량 신축 작용시 발생하는 힘이 방수부재에 직접 전달되지 않도록 함으로써, 방수부재 파손 및 손상을 최소화하고, 방수부재에 대한 체결력이 견고하게 이루어질 수 있도록 함과 더불어 방수부재의 용이한 탈착을 통해 유지 보수 작업에 대한 효율성을 높인 교량용 신축이음장치의 방수부재 체결구에 관한 것이다.  이를 위해, 서로 마주한 교량의 구조물에 설치되어 지상으로부터 낙하되는 물이나 이물질을 받아내는 방수부재를 고정시키는 교량용 신축이음장치의 방수부재 체결구에 있어서, 상기 각각의 구조물에 설치되며, 일측을 향해 개구된 삽입홈에는 방수부재의 단부가 삽입될 수 있도록 마련된 몸체;상기 몸체의 삽입홈에 위치되며, 방수부재의 단부 일면에 밀착될 수 있도록 마련된 압착부재;상기 몸체의 삽입홈상에서 이동되면서 상기 압착부재를 밀어내는 힘을 작용하여 상기 방수부재의 단부를 몸체에 압착시키는 구속수단:을 포함하여 구성된 교량용 신축이음장치의 방수부재 체결구를 제공한다.",교량용 신축이음장치의 방수부재 체결구 및 이의 시공방법
2520740,17764,Ek Corp,South Korea,아서스테크 컴퓨터 인코포레이션,"방법 및 장치는 사용자 장비 (UE)의 관점에서 개시된다. 일 실시 예에서, 방법은 UE가 RRC_CONNECTED 상태에있을 때, 네트워크 노드로부터 PUR (Preconfigured Uplink Resources)의 구성을 수신하는 단계를 포함하고, PUR은 UE가 RRC_IDLE 상태에있을 때 전송에 사용된다. 이 방법은 또한 전송이 PUR을 사용하여 전송되는지의 여부에 기초하여 전송을위한 제 1 무선 자원 제어 (RRC) 메시지 또는 제 2 RRC 메시지를 생성하는 것을 결정하는 단계를 포함하고, 여기서 제 1 RRC 메시지는 UE 신원 및 제 2 RRC 메시지는 UE 신원을 포함하지 않는다. 방법은 UE가 RRC_IDLE 상태에있을 때 제 1 RRC 메시지 또는 제 2 RRC 메시지를 포함하는 전송을 수행하는 단계를 더 포함한다.",무선 통신 시스템에서 사전 구성된 업링크 리소스들을 사용하여 전송하는 방법 및 장치
1752455,62890,Y Lab Co Ltd,South Korea,가부시키가이샤 한도오따이 에네루기 켄큐쇼,"산화물 반도체층을 사용하여 전기 특성이 뛰어난 박막 트랜지스터를 구비한 반도체 장치가 제공되는 것이 과제의 하나다. 또한, 동일 기판 위에 복수 종류의 박막 트랜지스터의 구조를 제작하여 복수 종류의 회로를 구성함으로써, 증가되는 공정수가 적은 반도체 장치의 제작 방법이 제공되는 것이 과제의 하나다.  절연 표면 위에 금속 박막을 형성한 후, 산화물 반도체층을 적층하고, 그 후, 가열 처리 등의 산화 처리를 행함으로써 금속 박막의 일부분 또는 전체가 산화된다. 또한, 논리 회로 등의 고속 동작을 우선하는 회로와, 매트릭스 회로에서 상이한 구조의 박막 트랜지스터가 배치된다.",액티브 매트릭스형 표시 장치
1488760,51344,SIT,Japan,가톨릭대학교 산학협력단,"본 발명의 일실시예는 부목이 착용된 환자 골절의 자세한 평가가 가능하도록 도울 수 있는 부목 음영을 제거한 x-선 촬영 이미지 생성방법 및 부목 음영을 제거한 x-선 촬영 이미지 생성장치를 제공한다. 여기서, 부목 음영을 제거한 x-선 촬영 이미지 생성방법은 관절과 함께 부목을 x-선 촬영하여 부목 착용 이미지를 획득하는 단계와, 부목이 착용되지 않은 관절을 x-선 촬영하여 부목 비착용 이미지를 획득하는 단계와, 부목 착용 이미지로부터 부목 착용 학습 이미지를 생성하고, 부목 비착용 이미지로부터 부목 비착용 학습 이미지를 생성하는 단계와, 부목 음영이 표시된 이미지를 부목 음영이 제거된 이미지로 표시하도록 설정된 학습 모델이 부목 착용 학습 이미지 및 부목 비착용 학습 이미지를 심층 학습하는 단계와, 검사 대상 환자로부터 관절과 함께 부목을 x-선 촬영하여 검사 대상 부목 착용 이미지를 획득하고, 검사 대상 부목 착용 이미지를 학습 모델에 입력하여 검사 대상 부목 착용 이미지에서 부목 음영이 제거된 부목 음영 제거 이미지를 출력 표시하는 단계를 포함한다.",부목 음영을 제거한 x-선 촬영 이미지 생성방법 및 부목 음영을 제거한 x-선 촬영 이미지 생성장치
7055234,29580,J+D Forecasting Ltd,United Kingdom,강전국,드럼 악보 한글화 작업 방법 및 이를 이용한 드럼 악보를 한글음으로 구성된 연주용 악보 파일로 변환하는 장치는 드럼의 악기별로 악기 연주 시 발생하는 고유음을 상기 고유음과 유사한 발음의 한글음으로 설정하여 드럼 악보 파일을 한글음으로 구성된 연주용 악보 파일로 변환함으로써 드럼 악기 악보의 가독성을 높이고 암기 연주를 쉽게 할 수 있다.,드럼 악보 한글화 작업 방법 및 이를 이용한 드럼 악보를 한글음으로 구성된 연주용 악보 파일로 변환하는 장치
1999891,467,A&T Corp,Japan,가부시끼가이샤 구레하,"세정 및 메인터넌스가 하기 쉬운 간소한 장치 구성으로서, 효율적으로 용액 중축합을 진행시킬 수 있는 중합체의 연속 제조 장치 및 연속 제조 방법을 제공한다. 연속 제조 장치(100)는, 반응 용기 본체(1), 상기 반응 용기 본체 안을 복수의 반응조(2a~2d)로 나누는 칸막이 판(6a~6c) 및 원료 공급부를 구비하며, 상기 칸막이 판은 회전 중심을 가지고, 인접하는 상기 반응조의 기상부끼리 및 액상부끼리는 연통하고 있으며, 상기 반응조에서 생긴 반응 혼합물이 각 반응조를 순차 이동한다.",중합체의 연속 제조 장치 및 연속 제조 방법
1451182,48048,Sand,Japan,노키아 솔루션스 앤드 네트웍스 오와이,"사용자 장비(UE)는 시스템 정보를 판독한다. 타입 블록(SIB1)은 이웃 셀로부터 브로드캐스트하고 따라서 상기 이웃 셀에 의해 브로드캐스트된 주파수 대역 리스트 정보, 즉 ""freqBandindicator"" 및 ""multiBandInfoList""를 리트리브하고; 그 다음 사용자 장비(UE)는 상기 주파수 대역 리스트 정보, 즉 ""multiBandInfoList""를 예컨대 ""MeasResultEUTRA"" 또는 ""MeasResultUTRA"" 오브젝트들에서 측정 리포트에 포함된 서빙 셀에 리포트한다.",사용자 장비의 서빙 셀에서 이웃 셀들의 부가적인 지원 주파수 대역들에 관한 정보를 얻는 단계
1586220,54874,T3,Japan,티3 파마슈티컬스 아게,"본 발명은 재조합 그람-음성 세균 균주와 면역 관문 조절제(ICM)를 포함하는 약제 조합 및 대상체의 암의 예방, 진행 지연 또는 치료를 위한 방법에서의 이들의 용도에 관한 것이다.",암을 치료하기 위한 약제 조합
6170830,469,A+ Conferencing Ltd,United States,삼성전자주식회사,"출력밀도 및 효율을 향상시킬 수 있는 회전자 및 이를 포함하는 전동기가 제공된다. 일 양상에 따른 전동기는 회전자 및 고정자를 포함한다. 회전자는 회전자 코어 및 회전자 극들을 포함한다. 회전자 극들은 회전자 코어의 원주 방향을 따라 배열되며, 비대칭 형상으로 각각 이루어져 돌극비를 증가시킬 수 있다. 고정자는 회전자로부터 이격되어 위치하며, 코일이 감길 수 있는 슬롯들을 포함할 수 있다.",회전자 및 이를 포함하는 전동기
1961200,58634,UltiMed Inc,United States,"ULTIMED, INC."," The disclosure relates to an assembly for storing, dispensing, disposing, and shipping medical products such as sharps or pharmaceuticals. The assembly includes an outer container, an inner container, a unit configured for storing and dispensing unused medical products such as sharps or pharmaceuticals, and for receiving used medical sharps or unused pharmaceuticals. The inner container is adapted to receive the unit, and the outer container is adapted to receive the inner container. 
				",SHIPPING AND SUPPLY SYSTEM FOR MEDICAL SHARPS
1596646,55472,Tech-K,Chile,국림피엔텍 주식회사,"본 발명은 외주에 내부로 연통된 흡입구(111)와 상부에 내부로 연통된 배출구(112)가 형성되면서 하부가 개방된 원통형의 상부몸체(110a)와 상기 상부몸체(110a)의 하부에 결합되어 상부가 개방된 원통형의 하부몸체(110b)로 구분된 하우징(110)과, 상기 하우징(110)의 내부 중앙에 배치된 수직형 원통형의 투명관(120)과, 상기 투명관(120)의 상단 및 하단에 각각 결합되어 상호 대칭형태로 배치되며, 상기 투명관(120) 단부에 결합되는 원통형의 연결관(131)과 상기 연결관(131)에 연결되어 연결관(131) 내부로 연통되면서 연결관(131)의 내부 단면적에 비해 큰 단면적을 형성한 사면체형의 확산관(132)으로 구성된 공기이동관부(130)와, 상기 투명관(120)의 내부 중앙에 수직으로 설치되는 제1UV램프(140a)와, 상기 투명관(120) 내부로 삽입되면서 제1UV램프(140a)가 내부 중앙에 배치되는 광촉매스크류(150)와, 상기 투명관(120)이 내부로 수용되어 투명관(120) 외주로부터 들뜬상태로 감싸지면서 외주면이 하우징(110)의 내주면과 이격된 원주형의 제1공기이동공간(113a)이 형성된 원통형의 광촉매망체(160)와, 상기 광촉매망체(160)의 상단과 하단에 각각 연결되어 상호 대칭형태로 형성되며, 상기 광촉매망체(160)의 단부가 일단부에 끼움 결합하면서 타단부가...(이하생략)",광촉매를 활용한 유해균 및 바이러스 제거가 가능한 이중구조의 정화장치
324430,13943,CSK Co Ltd,South Korea,시그네틱스 주식회사,"본 발명은 지문 센싱부와 같은 접촉 표면을 갖는 칩의 손상을 최소화할 수 있는 칩 몰딩 장치에 관한 것으로, 제 1 몰딩부; 제 1 몰딩부와 마주보는 제 2 몰딩부; 및 제 1 몰딩부에 위치하며, 제 2 몰딩부와 마주보는 면에 복수의 홈들을 갖는 몰딩 마스크를 포함하며; 홈들의 총 면적은 면의 총 면적에서 홈들의 총 면적을 제외한 나머지 면적보다 더 크다.",칩 몰딩 장치
1310576,45525,R&AC Co Ltd,Japan,타이완 세미콘덕터 매뉴팩쳐링 컴퍼니 리미티드,"포토마스크는, 기판과, 상기 기판 위에 배치되고, 방사선을 반사하도록 구성되는 다층 스택과, 상기 다층 스택 위의 캡핑층과, 상기 캡핑층 위의 반사방지층을 포함한다. 상기 반사방지층은 제1 패턴을 포함하고, 상기 제1 패턴은 상기 캡핑층을 노출시키며 프린트 가능 피처로서 구성된다. 포토마스크는 평면도 관점에서 상기 프린트 가능 피처로부터 이격된 흡수체도 포함한다.",오염 제어 기능을 가진 포토마스크 및 이것을 형성하는 방법
1830031,16191,Divergent Technologies Inc,United States,"Divergent Technologies, Inc."," An apparatus for producing spherical metallic powders through continuous ball milling. The apparatus includes a comminution component. The comminution component includes an inlet to receive a metallic material at a first region within the comminution component and an outlet to dispense the metallic powder from a second region within the comminution component. The apparatus includes a plurality of grinding components to grind the metallic material, the plurality of grinding components being arranged within the comminution component. The apparatus includes a drive component, connected with the comminution component, to induce movement of the metallic material and the plurality of grinding components within the comminution component such that the metallic material is fragmented through contact with the plurality of grinding components at the first region and an external surface of the fragmented metallic material is altered at the second region to produce the metallic powder. 
				",Methods and apparatuses for ball milling to produce powder for additive manufacturing
1766322,62891,Y's Inc,Japan,주식회사 경신,"자율주행 시스템 및 그 작동 방법이 개시된다. 본 발명의 일 측면에 따른 자율주행 시스템은 제1 MCU(Micro Controller Unit), 제1 MCU로 전원을 공급하는 PMIC(Power Management Integrated Circuit), 제1 MCU와 PMIC에 연결되는 트랜지스터, PMIC에 연결되어 PMIC의 출력 전압과 기준 전압을 비교하여 비교 신호를 출력하는 비교 회로, 및 비교 회로 및 트랜지스터에 연결되어 비교 신호를 래치하여 제어 신호를 생성하고, 제어 신호를 트랜지스터의 게이트로 출력하는 래치 회로를 포함하는 것을 특징으로 한다.",자율주행 시스템 및 그 작동 방법
3198086,39183,NK Co Ltd,Japan,파워씽크 (센젠) 테크놀로지 컴퍼니 리미티드,"본 발명은 가열 비연소 담배의 스마트 3D 균열 장치, 키트 및 이의 가열 방법을 개시한다. 스마트 3D 균열 장치는 가열 어셈블리(1) 및 외부의 담배 도구 케이싱(3)을 포함하되, 담배 도구 케이싱(3)과 가열 어셈블리(1) 사이에 제1 가열 챔버(A)를 형성하고, 가열 어셈블리 하우징과 그 내부의 조합식 히터(13) 사이에 제2 가열 챔버(B)를 형성하며, 조합식 히터(13) 내부의 가열 슬리브(132)의 이너 캐비티는 제3 가열 챔버(C)이고, 가열 슬리브(132)의 내부에는 포인티드 엔드를 구비하는 가열 로드(131)가 설치되며, 3개의 가열 챔버 사이의 기류는 연통되고, 가열 슬리브와 가열 로드에는 모두 발열 회로가 배치되며, 가열 어셈블리는 제어 회로에 연결되고, 제어 회로는 각각 가열 슬리브와 가열 로드를 가열 대상으로 독립적으로 제어하며 스마트하게 열을 분배하는 두 개의 온도 제어 회로를 포함한다. 본 발명에 의해 제시된 3D 균열 기술은 비연소 담배를 가열하여 원주 표면 및 코어부의 전방향 조합식 균일 가열을 제공하여, 이러한 담배가 기존의 담배의 맛에 근접하도록 하는 동시에 해를 감소시킨다.","가열 비연소 담배의 스마트 3D 균열 장치, 키트 및 이의 가열 방법"
2886021,29376,ITE,Japan,스미또모 베이크라이트 가부시키가이샤,"반도체 장치의 재배선층에 이용되는 포지티브형 감광성 수지 조성물로서, 당해 감광성 수지 조성물은, (A) 바이페놀 구조를 갖는 페놀 수지, (B) 가교제, 및 (C) 감광제를 포함하고, 당해 포지티브형 감광성 수지 조성물을 180℃에서 경화하여 얻어지는 경화물의 인장 파단 강도는, 100MPa 이상인, 포지티브형 감광성 수지 조성물.","포지티브형 감광성 수지 조성물, 경화막, 및 반도체 장치"
2646453,22762,Ginco Inc,Japan,코닝 인코포레이티드,"차량 내부 시스템은, 제1 단부 및 제2 단부를 갖는 제1 프레임 및 제3 단부 및 제4 단부를 갖는 제2 프레임을 갖는다. 제2 프레임의 제3 단부는 제1 프레임의 제2 단부에 근접하게 배치되고, 제1 프레임 및 제2 프레임은 제2 단부와 제3 단부 사이에 굽힘 축을 정의한다. 연속적인 커버 물질은, 굽힘 축을 가로지르고, 제1 및 제2 프레임에 접합된다. 차량 내부 시스템은 또한 제1 프레임의 제1 개구에 위치된 제1 디스플레이 장치를 포함한다. 상기 시스템은 제1 프레임이 제2 프레임과 평면인 제1 구성 및 제1 프레임이 제2 프레임과 평면이 아닌 제2 구성을 갖는다. 상기 시스템은 제1 구성과 제2 구성 사이에 가역적으로 전환되도록 구성된다.",커버 유리를 적층하고 동적 및 가역적으로 굽히는 방법 및 시스템
1646823,58491,U&I Corp,South Korea,유나이티드 마이크로일렉트로닉스 코퍼레이션,"반도체 디바이스는, 적어도 하나의 코어 디바이스 및 적어도 하나의 입력/출력(I/O) 디바이스를 갖는 로직 회로 영역을 포함한다. 적어도 하나의 코어 디바이스는 제1 누적 안테나 비율을 갖고, 적어도 하나의 I/O 디바이스는 제2 누적 안테나 비율을 갖는다. 제1 누적 안테나 비율은 제2 누적 안테나 비율보다 크다.",반도체 디바이스
1565490,54843,T & C Net SRL,Romania,누보 피그노네 테크놀로지 에스알엘,"산화제 유동을 압축하도록 그리고 연소기 섹션(20)에서 압축된 산화제 유동을 제공하도록 구성된 압축기 섹션(10)을 갖는 가스 터빈 시스템(1000, 2000, 3000). 연소기 섹션(20)은 산화제 및 연료 가스 혼합물을 개별적으로 수용하도록 - 혼합물은 적어도 연료 가스 및 불활성 가스를 함유함 -, 연소실 내에서 연료 및 산화제의 확산 화염 연소를 수행하도록, 그리고 연도 가스 유동을 확장시키고 확장된 연도 가스 유동을 터빈 출구에서 배출하도록 구성된 터빈 섹션(30)에 연도 가스 유동을 제공하도록 구성된다. 가스 터빈 시스템은 또한, 적어도 연료 가스와 불활성 가스를 혼합하도록 그리고 연소기 섹션(20)에서의 연료 가스 혼합물에, 연도 가스의 함량에 따른, 예를 들어 측정된 또는 예측된 연도 가스의 NOx 및/또는 CO 및/또는 CO2의 함량에 따른 혼합 비율을 제공하도록 구성된 혼합 유닛(50)을 갖는다. 혼합 유닛(50)은 가스 터빈 시스템의 동작을 제어하도록 구성되는 제어 유닛(40)의 제어 하에 적어도 연료 가스와 불활성 가스를 혼합하도록 구성된다.",원하지 않는 방출물을 감소시키기 위한 확산 화염 연소 및 연료 혼합을 이용한 가스 터빈 시스템
2571452,19828,F Hoffmann-La Roche,Switzerland,에프. 호프만-라 로슈 아게,본 발명은 암치료용 약제의 제조를 위한 하기 화학식 I 의 화합물의 용도 ; 뿐만 아니라 상기 약제를 투여함으로써 암을 치료하는 방법에 관한 것으로서 :  [화학식 I]  상기 약제는 약 1.5 mg/m  2  /일 내지 약 30 mg/m  2  /일의 양으로 상기 화합물을 전달할 수 있는 것을 특징으로 한다.,"5-(2-클로로페닐)-1,2-디히드로-7-플루오로-8-메톡시-3-메틸-피라졸로[3,4-B][1,4] 벤조디아제핀의 투여 섭생"
1632332,57152,to-R,Japan,브리스톨-마이어스 스큅 컴퍼니,본 발명은 KRAS 억제제를 제공한다. 이 화합물을 사용하여 암을 치료하는 방법이 또한 제공된다.,"KRAS 억제제로서의 테트라하이드로피리도 3,4-D 피리미딘 유도체"
101423,2957,AME Inc,United States,"벤타나 메디컬 시스템즈, 인코포레이티드","컴퓨터 기반 시료 분석기 (10) 는, 세포에서 상이하게 착색된 유전자들 및 염색체들을 나타내는 도트들을 검출함으로써 세포 샘플에 있어서 유전자들의 발현 레벨을 검출하도록 구성된다. 착색된 유전자들 및 염색체들의 컬러는, 유전자들, 염색체들, 또는 비-유전물질인 이미지에서의 영역들을 정의하는 도트 마스크를 생성하기 위해 강화되고 필터링된다. 메트릭들은 도트들에 대응하는 영역들에서 세포의 이미지에 있어서 도트들 및/또는 픽셀들에 대하여 결정된다 메트릭들은 유전자들을 염색체들로부터 분리하는 분류기에 제공된다. 분류기의 결과들은 조직 샘플들에서 유전자들의 발현 레벨을 추정하도록 카운팅된다.",조직 샘플들에 있어서의 유전자들을 검출하는 시스템
1039078,37544,N Inc,Japan,"듀폰 세이프티 앤드 컨스트럭션, 인크.","방호복은 안면 영역을 갖는 후드를 포함하며, 안면 영역은, 전면 마스크 또는 전면 방독면을 후드와 맞물려서 후드에 탈착식으로 밀봉하기 위한 개구부를 갖는 엘라스토머 계면을 구비하고, 개구부는, 모두 개구부의 중심에 대하여 내향하게 만곡된 에지인 이마 에지 및 턱 에지, 그리고 개구부의 중심에 대하여 외향하게 만곡된 에지인 2개의 뺨 에지를 가지며, 개구부는, 제1 및 제2 뺨 에지 사이의 중심선 수평 치수, 및 이마 에지와 턱 에지 사이의 중심선 수직 치수를 더 갖고, 중심선 수평 치수 대 중심선 수직 치수 종횡비는 1.5 이상이다.",개선된 후드 엘라스토머 계면을 갖는 방호복
3311245,41493,P&M Co Ltd,Japan,신에츠 폴리머 가부시키가이샤,"본 발명은, 패널의 파손을 억제 가능한 패널 수납 용기를 제공한다. 패널 수납 용기는, 복수의 패널을 제1 방향으로 배열한 상태로 수납하기 위한 용기 본체와, 용기 본체의 내부에 마련되고, 복수의 패널을 지지하는 패널 지지부를 구비하고, 패널 지지부는, 복수의 패널 중의 1매의 패널을 지지하기 위한 제 1 방향과 교차하는 제2 방향으로 연장되는 샤프트를 구비하며, 샤프트는, 제2 방향에서의 단부를 포함하고, 용기 본체는, 샤프트를 고정하기 위한 지주를 구비하며, 지주는, 제1 방향 및 제2 방향과 교차하는 제3 방향에서 단부를 협지하는 제1 부재 및 제2 부재를 포함하고, 제1 부재에는, 제3 방향에서 제2 부재로부터 멀어지는 방향으로 움푹 패임과 함께, 제2 방향으로 연장되는 제1 홈이 마련되며, 제2 부재에는, 제3 방향에서 제1 부재로부터 멀어지는 방향으로 움푹 패임과 함께, 제2 방향으로 연장되는 제2 홈이 마련되고, 샤프트는, 단부가 제1 홈 및 제2 홈에 수용된 상태로, 제1 부재 및 제2 부재에 의해 단부가 제3 방향에서 협지됨으로써 고정된다.",패널 수납 용기
7234152,37544,N Inc,Japan,"마이코테크놀로지, 인코포레이티드","새로 규명된 진균의 단맛 변형 단백질(허니 트러플 버섯 감미료(HTS)로 지정) 및 상기 단백질을 코딩하는 cDNA가 기재되어 있다. 구체적으로, 단맛 활성화에 활성인 Myd 단백질 및 이를 코딩하는 cDNA가 이러한 cDNA를 분리하고 이러한 단백질을 분리 및 발현하는 방법과 함께 설명된다. 또한 본 발명의 단백질을 포함하는 감미 조성물의 용도 및 경구 투여용 제품에 개선된 풍미를 제공하는 방법이 개시되어 있다.",트러플 유래 감미 단백질 변이체
1171505,40290,OLTA Inc,Japan,코니카 미놀타 가부시키가이샤,"본 발명의 과제는, 충분한 도전성과 광 투과성을 겸비하고, 또한 경시 안정성이 우수한 투명 전극과, 당해 투명 전극을 구비한 전자 디바이스를 제공하는 것이다. 투명 전극(1)은 하기 일반식 (1)로 표시되는 구조를 갖는 화합물을 함유하는 금속 친화성층(11)과, 당해 금속 친화성층(11)에 인접해서 마련되고, 은과 당해 은과는 다른 금속을 함유하는 제1 도전성층(12a)과, 은을 주성분으로 하는 제2 도전성층(12b)을 이 순으로 갖는다.  (식 중 X  1  및 X  2  는 각각 독립적으로, 질소 원자 또는 CR  1  을 나타낸다. R  1  은 수소 원자 또는 치환기를 나타낸다. 식 중 A  1  은 5원 또는 6원의 헤테로아릴환을 구성하는 잔기를 나타낸다)",투명 전극 및 전자 디바이스
