no,country_code,patent_type,invention_title,independent_claim,abstract,claim_count,independent_claim_count,independent_claim_word_count,dependent_claim_count,claim_family_count,forward_citation_count,ipc_count,ipc_all,citation_by_country,legal_status,applicant,application_number,application_date,registration_number,registration_date,main_ipc
테스트 공보 1,US,특허공개,Propionibacterium acnes prophylactic and therapeutic immune treatment,"[청구항33]
33. A polypeptide comprising at least a Dermatan sulfate-binding adhesin 1 of P. acnes (DsA1), or a fragment or derivative thereof, and at least a Dermatan sulfate-binding adhesin 2 of P. acnes (DsA2), or a fragment or derivative thereof, said DsA1 and DsA2 comprising from N- to C-terminus an N-terminal swapping region (“NSR”), a first conserved sub-domain (“CSD1”), a first swapping region (“SR1”), a second conserved sub-domain (“CSD2”), a second swapping region (“SR2”), a third conserved sub-domain (“CSD3”);and, optionally, a Pro Thr repeat containing region (“PT repeat region”), and a C-terminal region “CTR”;wherein the polypeptide comprises at least CSD1, CSD2 or CSD3 of DsA1, and at least CSD1, CSD2 or CSD3 of DsA2,wherein the DsA1 domains are defined as follows: NSR: from S29 to I48, CSD1 from 149 to L130, SR1 from G131 to S147, CSD2 from A148 to L267, SR2 from A268 to T277, CSD3 from A278 to K323, the PT repeat region from P324 to T361, and CTR from S362 to F405 in the sequence of Q6A5X9 of the UniProt database (SEQ ID NO: 64);and wherein the DsA2 domains are defined as follows: NSR: from A72 to K92, CSD1 from 193 to L174, SR1 from S175 to S191, CSD2 from A192 to L311, SR2 from A312 to T321, CSD3 from A322 to E366, the PT repeat region from P367 to T420, and CTR from H421 to A463 in the sequence of Q6A5P9 of the UniProt database (SEQ ID NO: 65).
[청구항36]
36. A nucleic acid encoding a polypeptide comprising at least a Dermatan sulfate-binding adhesin 1 of P. acnes (DsA1), or a fragment or derivative thereof, and at least a Dermatan sulfate-binding adhesin 2 of P. acnes (DsA2), or a fragment or derivative thereof, said DsA1 and DsA2 comprising from N- to C-terminus an N-terminal swapping region (“NSR”), a first conserved sub-domain (“CSD1”), a first swapping region (“SR1”), a second conserved sub-domain (“CSD2”), a second swapping region (“SR2”), a third conserved sub-domain (“CSD3”); and, optionally a Pro-Thr repeat containing region (“PT repeat region”), and a C-terminal region “CTR”);wherein the polypeptide comprises at least CSD1, CSD2 or CSD3 of DsA1, and at least CSD1, CSD2 or CSD3 of DsA2,wherein the DsA1 domains are defined as follows: NSR: from S29 to I48, CSD1 from I49 to L130, SR1 from G131 to S147, CSD2 from A148 to L267, SR2 from A268 to T277, CSD3 from A278 to K323, the PT repeat region from P324 to T361, and CTR from S362 to F405 in the sequence of Q6A5X9 of the UniProt database (SEQ ID NO: 64);and wherein the DsA2 domains are defined as follows: NSR: from A72 to K92, CSD1 from 193 to L174, SR1 from S175 to S191, CSD2 from A192 to L311, SR2 from A312 to T321, CSD3 from A322 to E366, the PT repeat region from P367 to T420, and CTR from H421 to A463 in the sequence of Q6A5P9 of the UniProt database (SEQ ID NO: 65), optionally wherein the nucleic acid is DNA or RNA (e.g., mRNA).
[청구항38]
38. A polypeptide comprising a putative iron-transport protein of P. acnes (PITP) and/or a fragment or a derivative thereof, wherein PITP comprises from N- to C-terminus an extended neocarzinostatin family domain (“ENFD”), a first swapping region (“SR1”), a heme-binding domain (“HbD”), a second swapping region (“SR2”) including the C-terminal LPXT(G) motif, and a hydrophobic C-terminal region (“hLAR”), wherein the fragment and/or the derivative comprises or consists at least of a PITP epitope,wherein the PITP domains are defined as follows: ENFD from A32 to R164; SR1 from E165 to K237, HbD from V238 to L396, SR2 (including C-terminal LPXT(G) motif (i.e. including LPXT, but not the G)) from S397 to T430, and hLAR from G431 to 1467 in the sequence of Q6A9N1 of the UniProt database (SEQ ID NO: 66),optionally wherein(i) the PITP derivative comprises an amino acid exchange at positions C231 (e.g., C231S) and/or C402 (e.g., C402S), if present in the polypeptide;(ii) the fragment and/or derivative is a PITP polypeptide wherein the hLAR is deleted, replaced by a hydrophilic C-terminal region, or partially deleted, wherein the partial deletion results in a loss of hLAR except the N-terminal 12 amino acids of hLAR, preferably except the N-terminal 11 amino acids of hLAR, especially except the N-terminal 10 amino acids of hLAR; or a fragment thereof or derivative thereof comprising at least amino acids corresponding to proline 34 to glutamic acid 73 or proline 94 to threonine 143 of ENFD or valine 238 to asparagine 393 of HbD in the amino acid sequence Q6A9N1 of the UniProt database (SEO ID NO: 66); and/or(iii) the polypeptide comprises or consists of a sequence according to any one of SEO ID NO: 14-20, preferably according to SEO ID NO: 20, optionally wherein the polypeptides lacks an N-terminal methionine residue.
[청구항40]
40. A nucleic acid encoding a polypeptide comprising a putative iron-transport protein of P. acnes (PITP) and/or a fragment or a derivative thereof, wherein PITP comprises from N- to C-terminus an extended neocarzinostatin family domain (“ENFD”), a first swapping region (“SR1”), a heme-binding domain (“HbD”), a second swapping region (“SR2”) including the C-terminal LPXT(G) motif, and a hydrophobic C-terminal region (“hLAR”), wherein the fragment and/or the derivative comprises or consists at least of a PITP epitope, wherein the PITP domains are defined as follows: ENFD from A32 to R164; SR1 from E165 to K237, HbD from V238 to L396, SR2 (including C-terminal LPXT(G) motif (i.e. including LPXT, but not the G)) from S397 to T430, and hLAR from G431 to 1467 in the sequence of Q6A9N1 of the UniProt database (SEQ ID NO: 66), optionally wherein the nucleic acid is DNA or RNA (e.g., mRNA).
[청구항42]
42. A polypeptide comprising at least a Dermatan sulfate-binding adhesin 1 of P. acnes (DsA1), or a fragment or derivative thereof, and at least a Dermatan sulfate-binding adhesin 2 of P. acnes (DsA2), or a fragment or derivative thereof, said DsA1 and DsA2 comprising from N- to C-terminus an N-terminal swapping region (“NSR”), a first conserved sub-domain (“CSD1”), a first swapping region (“SR1”), a second conserved sub-domain (“CSD2”), a second swapping region (“SR2”), a third conserved sub-domain (“CSD3”);and, optionally a Pro-Thr repeat containing region (“PT repeat region”), and a C-terminal region (“CTR”);wherein the polypeptide comprises at least CSD1, CSD2 or CSD3 of DsA1, and at least CSD1, CSD2 or CSD3 of DsA2,wherein the DsA1 domains are defined as follows: NSR: from S29 to I48, CSD1 from 149 to L130, SR1 from G131 to S147, CSD2 from A148 to L267, SR2 from A268 to T277, CSD3 from A278 to K323, the PT repeat region from P324 to T361, and CTR from S362 to F405 in the sequence of Q6A5X9 of the UniProt database (SEQ ID NO: 64);and wherein the DsA2 domains are defined as follows: NSR: from A72 to K92, CSD1 from 193 to L174, SR1 from S175 to S191, CSD2 from A192 to L311, SR2 from A312 to T321, CSD3 from A322 to E366, the PT repeat region from P367 to T420, and CTR from H421 to A463 in the sequence of Q6A5P9 of the UniProt database (SEQ ID NO: 65);and further comprising at least one additional amino acid sequence comprising or consisting of at least one additional P. acnes antigen or P. acnes epitope which is not a DsA1 or DsA2 antigen or epitope, preferably at least one additional amino acid sequence comprising at least the putative iron-transport protein (PITP) polypeptide of P. acnes or a fragment or derivative thereof, wherein the PITP polypeptide comprises from N- to C-terminus an extended neocarzinostatin family domain (“ENFD”), a first swapping region (“SR1”), a heme-binding domain (“HbD”), a second swapping region (“SR2”) including the C-terminal LPXT(G) motif, and a hydrophobic C-terminal region (“hLAR”).
[청구항44]
44. A pharmaceutical composition, e.g. a vaccine, comprising:(i) a polypeptide comprising at least a Dermatan sulfate-binding adhesin 1 of P. acnes (DsA1), or a fragment or derivative thereof, and at least a Dermatan sulfate-binding adhesin 2 of P. acnes (DsA2), or a fragment or derivative thereof, said DsA1 and DsA2 comprising from N- to C-terminus an N-terminal swapping region (“NSR”), a first conserved sub-domain (“CSD1”), a first swapping region (“SR1”), a second conserved sub-domain (“CSD2”), a second swapping region (“SR2”), a third conserved sub-domain (“CSD3”); and, optionally a Pro-Thr repeat containing region (“PT repeat region”), and a C-terminal region (“CTR”);wherein the polypeptide comprises at least CSD1, CSD2 or CSD3 of DsA1, and at least CSD1, CSD2 or CSD3 of DsA2,wherein the DsA1 domains are defined as follows: NSR: from S29 to I48, CSD1 from 149 to L130, SR1 from G131 to S147, CSD2 from A148 to L267, SR2 from A268 to T277, CSD3 from A278 to K323, the PT repeat region from P324 to T361, and CTR from S362 to F405 in the sequence of Q6A5X9 of the UniProt database (SEQ ID NO: 64);and wherein the DsA2 domains are defined as follows: NSR: from A72 to K92, CSD1 from 193 to L174, SR1 from S175 to S191, CSD2 from A192 to L311, SR2 from A312 to T321, CSD3 from A322 to E366, the PT repeat region from P367 to T420, and CTR from H421 to A463 in the sequence of Q6A5P9 of the UniProt database (SEQ ID NO: 65); and(ii) a polypeptide comprising a putative iron-transport protein of P. acnes (PITP) or a fragment or a derivative thereof, wherein PITP comprises from N- to C-terminus an extended neocarzinostatin family domain (“ENFD”), a first swapping region (“SR1”), a heme-binding domain (“HbD”), a second swapping region (“SR2”) including the C-terminal LPXT(G) motif, and a hydrophobic C-terminal region (“hLAR”), wherein the fragment and/or the derivative comprises or consists at least of a PITP epitope,wherein the PITP domains are defined as follows: ENFD from A32 to R164; SR1 from E165 to K237, HbD from V238 to L396, SR2 (including C-terminal LPXT(G) motif (i.e. including LPXT, but not the G)) from S397 to T430, and hLAR from G431 to 1467 in the sequence of Q6A9N1 of the UniProt database (SEQ ID NO: 66).
[청구항48]
48. A method for producing a vaccine for use in the treatment or prevention of P. acnes-associated infections, comprisingselecting at least one antigen comprising at least one P. acnes epitope, wherein the P. acnes epitope is an epitope which is directly accessible to human serum antibodies when presented by the live P. acnes bacterium and the specific binding of the epitope by the human immune system leads to reduction of bacterial numbers, fitness, growth, virulence or a combination thereof, especially the reduction of bacterial numbers,wherein binding of the epitope by the immune system, especially by the human immune system, is evidenced by using a flow cytometry assay, preferably by fluorescence-activated cell sorting (FACS) assay; andwherein reduction of bacterial numbers, fitness, growth, virulence or a combination thereof is evidenced by an opsonophagocytic killing assay (OPK) in the presence of antibodies specific for the at least one antigen comprising at least one P. acnes epitope.
[청구항52]
52. A pharmaceutical composition, e.g. a vaccine, comprising a nucleic acid encoding the polypeptide as defined in claim 44(i) and a nucleic acid encoding the polypeptide as defined in claim 44(ii).
[청구항53]
53. A Dermatan sulfate-binding adhesin 1 of P. acnes (DsA1 polypeptide) and/or Dermatan sulfate-binding adhesin 2 of P. acnes (DsA2 polypeptide), and/or a fragment and/or a derivative of DsA1 or DsA2, wherein DsA1 and DsA2 comprise from N- to C-terminus an N-terminal swapping region (“NSR”), a first conserved sub-domain (“CSD1”), a first swapping region (“SR1”), a second conserved sub-domain (“CSD2”), a second swapping region (“SR2”), a third conserved sub-domain (“CSD3”), a Pro-Thr repeat containing region (“PT repeat region”), and a C-terminal region (“CTR”),wherein the DsA1 domains are defined as follows: NSR: from S29 to I48, CSD1 from I49 to L130, SR1 from G131 to S147, CSD2 from A148 to L267, SR2 from A268 to T277, CSD3 from A278 to K323, the PT repeat region from P324 to T361, and CTR from S362 to F405 in the sequence of Q6A5X9 of the UniProt database (SEQ ID NO: 64);and wherein the DsA2 domains are defined as follows: NSR: from A72 to K92, CSD1 from 193 to L174, SR1 from S175 to S191, CSD2 from A192 to L311, SR2 from A312 to T321, CSD3 from A322 to E366, the PT repeat region from P367 to T420, and CTR from H421 to A463 in the sequence of Q6A5P9 of the UniProt database (SEQ ID NO: 65).
[청구항57]
57. A pharmaceutical composition, e.g. a vaccine, comprising at least two antigenic polypeptides with epitopes of P. acnes which are surface exposed, wherein preferably at least one epitope is an epitope of a dermatan sulfate-binding adhesin 1 of P. acnes (DsA1 polypeptide) which is surface exposed or an epitope of a dermatan sulfate-binding adhesin 2 of P. acnes (DsA2 polypeptide) which is surface exposed or an epitope of a putative iron-transport protein of P. acnes (PITP polypeptide) which is surface exposed,wherein DsA1 and DsA2 comprise from N- to C-terminus an N-terminal swapping region (“NSR”), a first conserved sub-domain (“CSD1”), a first swapping region (“SR1”), a second conserved sub-domain (“CSD2”), a second swapping region (“SR2”), a third conserved sub-domain (“CSD3”); a Pro-Thr repeat containing region (“PT repeat region”), and a C-terminal region (“CTR”),and wherein PITP comprises from N- to C-terminus an extended neocarzinostatin family domain (“ENFD”), a first swapping region (“SR1”), a heme-binding domain (“HbD”), a second swapping region (“SR2”) including the C-terminal LPXT(G) motif, and a hydrophobic C-terminal region (“hLAR”),wherein the DsA1 domains are defined as follows: NSR: from S29 to I48, CSD1 from I49 to L130, SR1 from G131 to S147, CSD2 from A148 to L267, SR2 from A268 to T277, CSD3 from A278 to K323, the PT repeat region from P324 to T361, and CTR from S362 to F405 in the sequence of Q6A5X9 of the UniProt database (SEQ ID NO: 64);wherein the DsA2 domains are defined as follows: NSR: from A72 to K92, CSD1 from 193 to L174, SR1 from S175 to S191, CSD2 from A192 to L311, SR2 from A312 to T321, CSD3 from A322 to E366, the PT repeat region from P367 to T420, and CTR from H421 to A463 in the sequence of Q6A5P9 of the UniProt database (SEQ ID NO: 65), andwherein the PITP domains are defined as follows: ENFD from A32 to R164; SR1 from E165 to K237, HbD from V238 to L396, SR2 (including C-terminal LPXT(G) motif (i.e. including LPXT, but not the G)) from S397 to T430, and hLAR from G431 to 1467 in the sequence of Q6A9N1 of the UniProt database (SEQ ID NO: 66).","The present invention discloses a vaccine comprising one or more of Dermatan sulfate-binding adhesin 1 of P. acnes (DsA1 polypeptide), Dermatan sulfate-binding adhesin 2 of P. acnes (DsA2 polypeptide), and putative iron-transport protein (PITP) polypeptide of P. acnes, and/or a fragment and/or derivative of DsA1 and/or DsA2 and/or PITP, wherein the DsA1 polypeptide and the DsA2 polypeptide comprise from N- to C-terminus an N-terminal swapping region (“NSR”), a first conserved sub-domain (“CSD1”), a first swapping region (“SR1”), a second conserved sub-domain (“CSD2”), a second swapping region (“SR2”), a third conserved sub-domain (“CSD3”), a Pro-Thr repeat containing region (“PT repeat region”), and a C-terminal region (“CTR”), and wherein the PITP polypeptide comprises from N- to C-terminus an extended neocarzinostatin family domain (“ENFD”), a first swapping region (“SR1”), a heme-binding domain (“HbD”), a second swapping region (“SR2”) including the C-terminal LPXTG motif, and a hydrophobic C-terminal region (“hLAR”).",33,10,14537,23,4,0,4,"A61K-039/05,[A61P-017/10, A61P-031/04, C07K-014/195]",-,심사중,Origimm Biotechnology GmbH,17-801099,2021.02.22,-,-,A61K-039/05
테스트 공보 2,US,특허등록,Defect management policies for nand flash memory,"[청구항1]
1. A method of managing defects in a nonvolatile storage system, the nonvolatile storage system including one or more nonvolatile memory (NVM) devices, the method comprising:monitoring, by an NVM defect management policy engine, a plurality of trigger events for detecting one or more possible defects in an NVM device among the one or more NVM devices, the respective trigger events having corresponding types, the NVM device including a plurality of physical memory pages, each physical memory page including a plurality of NVM storage locations;having monitored a first trigger event among the plurality of trigger events for detecting a possible defect among the one or more possible defects in the NVM device, determining, by the NVM defect management policy engine, a trigger event type among the corresponding types of the respective trigger events that corresponds to the first trigger event, the first trigger event corresponding to a first NVM storage location among the plurality of NVM storage locations included in a respective one of the plurality of physical memory pages of the NVM device;determining, by the NVM defect management policy engine, a likelihood of monitoring a second trigger event among the plurality of trigger events that (1) has a same trigger event type as the first trigger event, and (2) corresponds to a second NVM storage location among the plurality of NVM storage locations included in the respective one of the plurality of physical memory pages of the NVM device; andhaving determined the likelihood of monitoring the second trigger event, proactively retiring, by the NVM defect management policy engine, the respective one of the plurality of physical memory pages of the NVM device based on the trigger event type of the first trigger event.
[청구항3]
3. A method of managing defects in a nonvolatile storage system, the nonvolatile storage system including one or more nonvolatile memory (NVM) devices, the method comprising:monitoring, by and NVM defect management policy engine, a plurality of trigger events for detecting one or more possible defects in an NVM device among the one or more NVM devices, the respective trigger events having associated types;having monitored a trigger event among the plurality of trigger events for detecting a possible defect among the one or more possible defects in the NVM device, determining, by the NVM defect management policy engine, a type among the associated types of the respective trigger events that corresponds to the monitored trigger event; andapplying, by the NVM defect management policy engine, at least one defect management policy to the NVM device based on the type of the monitored trigger event,wherein the plurality of trigger events include a soft bit read trigger event and an exclusive-or (XOR) data recovery trigger event,wherein the type of the monitored trigger event include one of a soft bit read trigger event type corresponding to the soft bit read trigger event and an XOR data recovery trigger event type corresponding to the XOR data recovery trigger event, andwherein the applying of the at least one defect management policy to the NVM device includes retiring an NVM storage location of a codeword for which a host processor issued a data read request.
[청구항5]
5. A method of managing defects in a nonvolatile storage system, the nonvolatile storage system including one or more nonvolatile memory (NVM) devices, the method comprising:monitoring, by and NVM defect management policy engine, a plurality of trigger events for detecting one or more possible defects in an NVM device among the one or more NVM devices, the respective trigger events having associated types;having monitored a trigger event among the plurality of trigger events for detecting a possible defect among the one or more possible defects in the NVM device, determining, by the NVM defect management policy engine, a type among the associated types of the respective trigger events that corresponds to the monitored trigger event; andapplying, by the NVM defect management policy engine, at least one defect management policy to the NVM device based on the type of the monitored trigger event,wherein the plurality of trigger events include a predetermined number of hard bit read trigger events,wherein the type of the monitored trigger event includes a hard bit read trigger event type corresponding to the predetermined number of hard bit read trigger events, andwherein the applying of the at least one defect management policy to the NVM device includes retiring an NVM storage location of a codeword for which a host processor issued one or more data read requests.
[청구항10]
10. A nonvolatile storage system, comprising:an nonvolatile memory (NVM) controller;one or more NVM devices communicably coupled to the NVM controller; andan NVM defect management policy engine communicably coupled to the NVM controller, wherein the NVM defect management policy engine is operative:to monitor a plurality of trigger events for detecting one or more possible defects in an NVM device among the one or more NVM devices, the respective trigger events having corresponding types, the NVM device including a plurality of physical memory pages, each physical memory page including a plurality of NVM storage locations;having monitored a first trigger event among the plurality of trigger events for detecting a possible defect among the one or more possible defects in the NVM device, to determine a trigger event type among the corresponding types of the respective trigger events that corresponds to the first trigger event, the first trigger event corresponding to a first NVM storage location among the plurality of NVM storage locations included in a respective one of the plurality of physical memory pages of the NVM device;to determine a likelihood of monitoring a second trigger event among the plurality of trigger events that (1) has a same trigger event type as the first trigger event, and (2) corresponds to a second NVM storage location among the plurality of NVM storage locations included in the respective one of the plurality of physical memory pages of the NVM device; andhaving determined the likelihood of monitoring the second trigger event, to proactively retire the respective one of the plurality of physical memory pages of the NVM device based one the trigger event type of the first trigger event.
[청구항11]
11. A computer system, comprising:a system bus;a memory bus;a display communicably coupled to the system bus;at least one volatile memory coupled to the system bus; andthe nonvolatile storage system of claim 10 communicably coupled to the memory bus.
[청구항12]
12. A nonvolatile storage system, comprising:a nonvolatile memory (NVM) controller;one or more NVM devices communicably coupled to the NVM controller; andan NVM defect management policy engine communicably coupled to the NVM controller, wherein the NVM defect management policy engine is operative:to monitor a plurality of trigger events for detecting one or more possible defects in an NVM device among the one or more NVM devices, the respective trigger events having associated types;having monitored a trigger event among the plurality of trigger events for detecting a possible defect among the one or more possible defects in the NVM device, to determine a type among the associated types of the respective trigger events that corresponding to the monitored trigger event; andto apply at least one defect management policy to the NVM device based on the type of the monitored trigger event,wherein the plurality of trigger events include a soft bit read trigger event and an exclusive-or (XOR) data recovery trigger event,wherein the type of the monitored trigger event includes one of a soft bit read trigger event type corresponding to the soft bit read trigger event and an XOR data recovery trigger event type corresponding to the XOR data recovery trigger event, andwherein the NVM defect management policy engine is further operative, having monitored the soft bit read trigger event or the XOR data recovery trigger event, to retire an NVM storage location of a codeword for which a host processor issued a data read request.
[청구항14]
14. A nonvolatile storage system, comprising:a nonvolatile memory (NVM) controller;one or more NVM devices communicably coupled to the NVM controller; andan NVM defect management policy engine communicably coupled to the NVM controller, wherein the NVM defect management policy engine is operative:to monitor a plurality of trigger events for detecting one or more possible defects in an NVM device among the one or more NVM devices, the respective trigger events having associated types;having monitored a trigger event among the plurality of trigger events for detecting a possible defect among the one or more possible defects in the NVM device, to determine a type among the associated types of the respective trigger events that corresponding to the monitored trigger event; andto apply at least one defect management policy to the NVM device based on the type of the monitored trigger event,wherein the plurality of trigger events include a predetermined number of hard bit read trigger events,wherein the type of the monitored trigger event includes a hard bit read trigger event type corresponding to the predetermined number of hard bit read trigger events, andwherein the NVM defect management policy engine is further operative, having monitored the predetermined number of hard bit read trigger events, to retire an NVM storage location of a codeword for which a host processor issued one or more data read requests.
[청구항17]
17. A nonvolatile storage system including one or more nonvolatile memory (NVM) devices, the system comprising:means for monitoring a plurality of trigger events for detecting one or more possible defects in an NVM device among the one or more NVM devices, the respective trigger events having corresponding types, the NVM device including a plurality of physical memory pages, each physical memory page including a plurality of NVM storage locations;having monitored a first trigger event among the plurality of trigger events for detecting a possible defect among the one or more possible defects in the NVM device, means for determining a trigger event type among the corresponding types of the respective trigger events that corresponds to the first trigger event, the first trigger event corresponding to a first NVM storage location among the plurality of NVM storage locations included in a respective one of the plurality of physical memory pages of the NVM device;means for determining a likelihood of monitoring a second trigger event among the plurality of trigger events that (1) has a same trigger event type as the first trigger event, and (2) corresponds to a second NVM storage location among the plurality of NVM storage locations included in the respective one of the plurality of physical memory pages of the NVM device; andhaving determined the likelihood of monitoring the second trigger event, means for proactively retiring the respective one of the plurality of physical memory pages of the NVM device based on the trigger event type of the first trigger event.
[청구항19]
19. A non-transitory computer-readable storage medium including executable instructions for accessing data storable within a non-volatile memory (NVM) device in a computer system, the computer system including at least one processor, the non-transitory computer-readable storage medium comprising executable instructions:to monitor a plurality of trigger events for detecting one or more possible defects in the NVM device, the respective trigger events having associated types;having monitored a trigger event among the plurality of trigger events for detecting a possible defect among the one or more possible defects in the NVM device, to determine a type among the associated types of the respective trigger events that corresponds to the monitored trigger event; andto apply at least one defect management policy to the NVM device based on the type of the monitored trigger event,wherein the plurality of trigger events include a soft bit read trigger event and an exclusive-or (XOR) data recovery trigger event,wherein the type of the monitored trigger event includes one of a soft bit read trigger event type corresponding to the soft bit read trigger event and an XOR data recovery trigger event type corresponding to the XOR data recovery trigger event, andwherein the non-transitory computer-readable storage medium further comprises executable instructions, having monitored the soft bit read trigger event or the XOR data recovery trigger event, to retire an NVM storage location of a codeword for which a host processor issued a data read request.","Systems and methods of managing defects in nonvolatile storage systems that can be used to avoid an inadvertent loss of data, while maintaining as much useful memory in the nonvolatile storage systems as possible. The disclosed systems and methods can monitor a plurality of trigger events for detecting possible defects in one or more nonvolatile memory (NVM) devices included in the nonvolatile storage systems, and apply one or more defect management policies to the respective NVM devices based on the types of trigger events that resulted in detection of the possible defects. Such defect management policies can be used proactively to retire memory in the nonvolatile storage systems with increased granularity, focusing the retirement of memory on regions of nonvolatile memory that are likely to contain a defect.",20,8,12469,12,1,17,4,"G06F-011/00,[G11C-029/00, G06F-011/07, G11B-020/18]","US(16), WO(1)",등록,Intel Corporation,14-087282,2013.11.22,9535777,2017.01.03,G06F-011/00
테스트 공보 3,US,특허공개,Techniques to perform power fail-safe caching without atomic metadata,"[청구항1]
1. A method comprising:caching data of a first device into one or more of a plurality of cache lines of a second device, wherein no state information associated with any of the cache lines is to be stored atomically with the data in the second device during caching of the data.
[청구항12]
12. An apparatus comprising:a NAND flash memory having a first logical segment of a plurality of cache lines and a second logical segment of a plurality of metadata, each metadata associated with a respective one of the plurality of cache lines, wherein the second logical segment does not have any metadata; anda controller to cache data of a storage device into one or more cache lines.
[청구항26]
26. A computer readable storage medium having instructions stored thereon which, when executed, cause a processor to perform the following method:write-back or write-through caching of data of a storage device into one or more of a plurality of cache lines of a caching device, wherein no metadata associated with any of the cache lines is to be written atomically into the caching device when the data is cached.
[청구항31]
31. An system comprising:a NAND flash memory having a first logical segment of a plurality of cache lines and a second logical segment of a plurality of metadata, each metadata associated with a respective one of the plurality of cache lines, wherein the second logical segment does not have any metadata; anda memory controller to write-back or write-through cache data of a storage medium in one or more cache lines of the first logical segment of the NAND flash memory, wherein no metadata is to be written atomically into the first logical segment when the data is cached.","A method and system to allow power fail-safe write-back or write-through caching of data in a persistent storage device into one or more cache lines of a caching device. No metadata associated with any of the cache lines is written atomically into the caching device when the data in the storage device is cached. As such, specialized cache hardware to allow atomic writing of metadata during the caching of data is not required.",32,4,1640,28,1,14,2,"G06F-012/08,[G06F-012/02]","US(12), WO(2)",등록,Intel Corporation,13-473419,2012.05.16,8700858,2014.04.15,G06F-012/08
테스트 공보 4,KR,특허등록,인간화 항-il-1r3 항체(humanized anti-il-1r3 antibodies),"[청구항1]
IL-1R3에 특이적으로 결합하는 인간화 항체(humanized antibody) 또는 이의 IL-1R3 결합 단편으로서, 다음으로 이루어진 그룹으로부터 선택되는 3개의 중쇄 상보성 결정 영역(CDR) 및 3개의 경쇄 상보성 결정 영역(CDR)을 포함하는, 인간화 항체 또는 이의 단편:
(1) 서열번호 77에 따른 CDR1H, 서열번호 94에 따른 CDR2H, 서열번호 111에 따른 CDR3H, 서열번호 128에 따른 CDR1L, 서열번호 145에 따른 CDR2L, 및 서열번호 162에 따른 CDR3L,
(2) 서열번호 79에 따른 CDR1H, 서열번호 96에 따른 CDR2H, 서열번호 113에 따른 CDR3H, 서열번호 130에 따른 CDR1L, 서열번호 147에 따른 CDR2L, 및 서열번호 175에 따른 CDR3L, 및
(3) 서열번호 81에 따른 CDR1H, 서열번호 98에 따른 CDR2H, 서열번호 115에 따른 CDR3H, 서열번호 132에 따른 CDR1L, 서열번호 149에 따른 CDR2L, 및 서열번호 166에 따른 CDR3L.
[청구항2]
제1항에 있어서, 다음으로 이루어진 그룹으로부터 선택된 중쇄 가변(VH) 영역과 적어도 90% 동일한 VH 영역을 포함하는, 인간화 항체 또는 이의 단편:
(1) 서열번호 26에 따른 VH 영역,
(2) 서열번호 28에 따른 VH 영역, 및
(3) 서열번호 30에 따른 VH 영역.
[청구항3]
제1항에 있어서, 다음으로 이루어진 그룹으로부터 선택된 경쇄 가변(VL) 영역과 적어도 90% 동일한 VL 영역을 포함하는, 인간화 항체 또는 이의 단편:
(1) 서열번호 60에 따른 VL 영역,
(2) 서열번호 174에 따른 VL 영역, 및
(3) 서열번호 64에 따른 VL 영역.
[청구항6]
제1항에 있어서, 인간화 항체 또는 이의 단편이 IL-1R3 유도된 NFkB 활성을 억제하는, 인간화 항체 또는 이의 단편.
[청구항7]
제1항에 있어서, 인간화 항체 또는 이의 단편이 IL-1알파, IL-1베타, IL-33, 및 IL-36 자극된 NFkB 활성을 억제하는, 인간화 항체 또는 이의 단편.
[청구항8]
제1항에 있어서, 인간화 항체 또는 이의 단편이 IL-1β/IL-1R1/IL-1RAcP, IL-1α/IL-1R1/IL-1RAcP, IL-33/ST2/IL-1RAcP, 및/또는 IL-36/Il-36R/IL-1RAcP로 이루어진 그룹으로부터 선택된 복합체에 의해 자극된 NFkB 활성을 억제하는, 인간화 항체 또는 이의 단편.
[청구항9]
제1항에 있어서, 인간화 항체 또는 이의 단편이 0.1 ng/ml 인간 IL-1알파, 인간 IL-1베타, IL-33 및/또는 IL-36로 자극된 A549-NFkB-RE-Luc 세포 용해물에서 10 μg/ml의 농도로 NFkB 발현을, 상기 항체가 없는 동일한 검정에 비해, 50% 이상, 60% 이상, 70% 이상, 80% 이상, 90% 이상, 또는 95% 이상 억제하는, 인간화 항체 또는 이의 단편.
[청구항10]
제1항에 있어서, 인간화 항체 또는 이의 단편이 NF-kB 리포터 유전자의 조절하에 루시퍼라제로 형질감염된 HEK293T/17 세포에서 IL-1알파, IL-1베타, IL-33, 및 IL-36 각각에 자극된 루시퍼라제 활성을 억제하는, 인간화 항체 또는 이의 단편.
[청구항11]
제1항에 있어서, 상기 항체가 적어도 인간 IgG1 Fc 영역에 L234A 및 L235A 또는 인간 IgG4 Fc 영역에 S228P 및 L235E의 아미노산 치환을 포함하는, 인간화 항체 또는 이의 단편.
[청구항14]
약제학적으로 허용되는 담체 및 제1항 내지 제11항 중 어느 한 항에 따르는 치료학적 유효량의 인간화 항체 또는 이의 단편을 포함하는, 암을 치료하는데 사용하기 위한 약제학적 조성물.","본 발명은 IL-1R3에 특이적으로 결합하는 인간화 항체 또는 이의 단편 또는 유도체 또는 IL-1R3 결합 특이성을 부여하기에 충분한 상기 항체의 적어도 일부를 함유하는 폴리펩티드에 관한 것이다. 상기 항체는 IL-1R3 유도된 NFkB 활성을 억제한다. 이들은 또한 IL-1알파, IL-1베타, IL-33, 및/또는 IL-36 자극된 NFkB 활성을 억제한다. 본 발명은 추가로, 암과 같은 IL-1R3 매개된 질환의 치료에 있어서의 상기 인간화 항체의 용도에 관한 것이다. 본 발명은 마지막으로 약제학적으로 허용되는 담체 및 치료학적 유효량의 본 발명에 따르는 항체를 포함하는 약제학적 조성물을 포함한다. 약제학적 조성물은 암과 같은 IL-1R3 매개된 질환을 치료하는데 사용될 수 있다.",17,1,531,16,1,4,2,"C07K-016/28,[A61P-035/00]","KR(1), WO(3)",등록,엠에이비 디스커버리 게엠베하,2018-7034930,2017.05.08,2381257,2022.03.28,C07K-016/28
테스트 공보 5,KR,특허등록,마이크로rna 화합물 및 mir-21 활성 조절 방법(microrna compounds and methods for modulating mir-21 activity),"[청구항1]
다음 구조의 적어도 18개의 인접한 뉴클레오시드들을 포함하는 수정된 올리고뉴클레오티드를 포함하는 화합물.
AECSATCSAGTCSTGAUSAAGCSTAE,
여기서, 아래 첨자가 붙지 않은 뉴클레오시드들은 β-D-데옥시리보뉴클레오시드들을 나타내며, 아래 첨자 ""E""가 붙은 뉴클레오시드들은 2'-O-메톡시에틸(2'-MOE) 뉴클레오시드들을 나타내고, 아래 첨자 ""S""가 붙은 뉴클레오시드들은 S-cEt 뉴클레오시드들을 나타내며, 각각의 뉴클레오시드간 결합은 포스포로티오에이트 뉴클레오시드간 결합이다.
[청구항4]
19개의 핵염기 서열을 포함하고, 다음의 구조를 가지는 수정된 올리고뉴클레오티드.
AECSATCSAGTCSTGAUSAAGCSTAE,
여기서, 아래 첨자가 붙지 않은 뉴클레오시드들은 β-D-데옥시리보뉴클레오시드들을 나타내며, 아래 첨자 ""E""가 붙은 뉴클레오시드들은 2'-O-메톡시에틸(2'-MOE) 뉴클레오시드들을 나타내고, 아래 첨자 ""S""가 붙은 뉴클레오시드들은 S-cEt 뉴클레오시드들을 나타내며, 각각의 뉴클레오시드간 결합은 포스포로티오에이트 뉴클레오시드간 결합이다.
[청구항6]
세포를 제1항 내지 제3항 중 어느 한 항의 화합물 또는 제4항의 수정된 올리고뉴클레오티드와 접촉시키는 단계를 포함하는 miR-21의 활성을 저해하는 생체 외 방법.","본 발명은 miR-21 활성의 저해를 위한 조성물 및 방법이다. 조성물은 miR-21 활성의 강한 저해제를 낳는 특정 뉴클레오시드 수정 패턴을 가지고 있다. 조성물은 miR-21을 저해하는 데 이용될 수 있으며, 섬유증 및 암과 같은, 비정상적인 miR-21의 발현과 관련이 있는 질병을 치료하는 데 이용될 수 있다.",24,2,539,22,2,5,4,"C12N-015/113,[A61K-048/00, A61P-035/00, C07H-021/00]",WO(5),등록,레굴루스 테라퓨틱스 인크,2013-7031227,2012.04.25,2055172,2019.12.06,C12N-015/113
테스트 공보 6,US,특허등록,"Method for operating a playback unit in a vehicle, for playing back data stored on a data medium","[청구항1]
1. A method of operating a playback unit for use in a motor vehicle equipped with a wireless transceiver that communicates with the playback unit, comprising:receiving at the playback unit supplemental information representative of characteristics of contents of playback media, where the supplemental information is transmitted by a computing device over the wireless communication channel to the wireless transceiver, which forwards the received supplemental information to the playback unit; andstoring the received supplemental information in a memory device accessible by the playback unit;where the supplemental information supplements the contents of the playback media, and is free of audio data to be audibly reproduced by the playback unit.
[청구항9]
9. A multimedia system for use in a motor vehicle, comprising:a wireless receiver that receives, over a wireless communication channel, supplemental information representative of characteristics of the contents of a playback media, and provides received supplemental information indicative thereof;a memory device; anda playback device that receives the received supplemental information and stores the received supplemental information in the memory device;where the supplemental information supplements the contents of the playback media, and is free of audio data to be audibly reproduced by the playback unit.
[청구항12]
12. A multimedia system for use in a motor vehicle, comprising:a wireless receiver that receives, over a wireless communication channel, supplemental information representative of characteristics of the contents of a playback media;where the supplemental information supplements the contents of the playback media, and is free of audio data to be audibly reproduced by the playback unit;a memory device;a playback device that receives the received supplemental information and stores the received supplemental information in the memory device;means for generating a request for supplemental information in response to and indicative of a playback media inserted into the playback unit; anda wireless transmitter that receives the request and transmits the received request over the communication channel.","A system for use in a motor vehicle includes a wireless receiver that receives, over a wireless communication channel, supplemental information representative of the characteristics of the contents of a playback media, and provides received supplemental information indicative thereof. A playback device receives the received supplemental information and stores the received supplemental information in a non-volatile memory device. The playback unit may generate a request for supplement information in response to and indicative of a playback media inserted into the playback unit. The system may also include a wireless transmitter that receives the request and transmits the received request over the communication channel. In another embodiment, a radio connection is established between a computing device and the wireless receiver. The computing device transmits characteristic data of selected data media over the radio connection to the wireless receiver, which provides the received data to the playback unit that stores the received data in a memory device for subsequent on-demand retrieval and display. In this embodiment, an operator can transfer to the motor vehicle the characteristic data stored in the computing device (e.g., personal computer) relating to selected data media.",12,3,2157,9,1,49,1,H04M-001/64,"US(37), EP(2), DE(10)",등록,Harman Becker Automotive Systems GmbH,11-444974,2006.06.01,8036641,2011.10.11,H04M-001/64
테스트 공보 7,KR,특허등록,유무형 상품 결합을 통한 온라인 판매 방법 및 시스템(online selling method using binding tangible product with intangible product and system implementing the same),"[청구항1]
수신부가 고객에 의해 선택된 적어도 하나의 유형상품에 대한 주문서 작성을 입력받는 단계;출력부가 상기 고객의 관련 정보를 근거로 상기 유형상품에 할인혜택이 적용되는 무형상품 목록을 출력하는 단계;상기 출력부가 상기 무형상품에 대하여 추천회원들로부터 작성된 추천 게시물을 출력하는 단계;상기 수신부가 상기 무형상품및 상기 게시물을 작성한 추천회원에 대한 상기 고객의 입력을 수신하는 단계;가격관리부가 상기 고객의 입력을 근거로 한 할인혜택을 상기 유형상품 가격에 적용하는 단계; 및상기 가격관리부가 상기 추천회원에게 소정의 혜택을 부여하는 단계를 포함하는 것을 특징으로 하는 유무형 상품 결합을 통한 온라인 판매 방법.
[청구항10]
고객에 의해 선택된 적어도 하나의 유형상품에 대한 주문서 작성을 입력받고, 무형상품 및 추천회원에 대한 상기 고객의 입력을 수신하는 수신부;상기 고객의 관련 정보를 근거로 상기 유형상품에 할인혜택이 적용되는 무형상품 목록을 구성하는 상품목록 구성부;상기 무형상품에 대하여 추천회원들로부터 작성된 추천 게시물을 구성하는 추천목록 구성부;상기 상품목록 구성부 및 추천목록 구성부로부터 구성된 화면을 출력하는 출력부;상기 고객의 입력을 근거로 한 할인혜택을 상기 유형상품에 적용하고, 상기 추천회원에게 소정의 혜택을 부여하는 가격관리부; 및상기 수신부, 상기 상품목록 구성부, 상기 추천목록 구성부, 상기 출력부 및 상기 가격관리부를 제어하는 제어부를 포함하는 것을 특징으로 하는 유무형 상품 결합을 통한 온라인 판매 시스템.","본 발명은 온라인 쇼핑몰에서 판매하는 실제의 유형상품과 무형상품에 대한 활동을 결합한 상품에 대하여 다양한 수단을 이용하여 추천한 회원에게 기존의 가격보다 낮은 가격으로 판매하는 방법 및 시스템에 관한 것으로, 고객에 의해 선택된 적어도 하나의 유형상품에 대한 주문서 작성을 입력받는 단계와, 상기 고객의 관련 정보를 근거로 상기 유형상품에 할인혜택 적용여부를 선택할 수 있는 화면을 출력하는 단계와, 상기 할인혜택에 대하여 추천회원들로부터 작성된 추천 게시물을 출력하는 단계와, 상기 할인혜택과 관련된 무형상품 및 상기 게시물을 작성한 추천회원에 대한 상기 고객의 입력을 수신하는 단계와, 상기 고객의 입력을 근거로 한 할인혜택을 상기 유형상품 가격에 적용하는 단계 및 상기 추천회원에게 소정의 혜택을 부여하는 단계를 포함하여 이루어질 수 있다.",13,2,748,11,2,3,1,G06Q-030/00,KR(3),등록,주식회사 인터파크,2008-0090817,2008.09.16,1029600,2011.04.08,G06Q-030/00
테스트 공보 8,KR,특허등록,온라인 쇼핑에서 유무형 상품 결합을 통한 가격조정 방법 및 시스템(method and system for price adjustment by combining of material product and immaterial product in online-mall),"[청구항1]
온라인 쇼핑에서 유무형 상품 결합을 통한 가격조정 방법에 있어서,수신부가 고객에 의해 선택된 적어도 하나의 유형상품에 대한 주문서 작성을 입력받는 단계;출력부가 상기 고객의 관련 정보를 근거로 상기 유형상품에 할인혜택 적용여부를 선택할 수 있는 화면을 출력하는 단계;상기 수신부가 상기 고객으로부터 할인이 선택되면, 특정 무형상품 구매를 위한 상기 고객의 입력을 수신하는 단계; 및결합부가 상기 고객의 입력 내용을 등급별로 구분하고, 상기 등급에 근거하여 할인혜택을 상기 유형상품 가격에 적용하는 단계를 포함하되,상기 할인혜택 적용여부를 선택할 수 있는 화면을 출력하는 단계는,상기 고객의 회원등급에 따라 적용가능한 할인혜택 또는 무형상품에 대한 선택폭을 다르게 제공하는 것을 특징으로 하는 온라인 쇼핑에서 유무형 상품 결합을 통한 가격조정 방법.","본 발명은 고객에 의해 선택된 적어도 하나의 유형상품에 대한 주문서 작성을 입력받는 단계와, 상기 고객의 관련 정보를 근거로 상기 유형상품에 할인혜택 적용여부를 선택할 수 있는 화면을 출력하는 단계와, 상기 고객으로부터 할인이 선택되면, 특정 무형상품과 관련된 상기 고객의 입력을 수신하는 단계 및 상기 고객의 입력을 근거로 한 할인혜택을 상기 유형상품 가격에 적용하는 단계를 포함하여 이루어질 수 있다.또한, 본 발명은 고객에 의해 선택된 적어도 하나의 유형상품에 대한 주문서 작성 입력 및 특정 무형상품과 관련된 사용자 입력을 수신하는 수신부와, 고객의 관련 정보를 근거로 상기 유형상품에 할인혜택 적용여부를 선택할 수 있는 화면을 구성하는 상품목록 구성부와, 상기 구성된 화면을 출력하는 출력부와, 상기 고객의 입력을 근거로 한 할인혜택을 상기 유형상품 가격에 적용하는 결합부 및 상기 수신부, 상품목록 구성부, 출력부 및 결합부를 제어하는 제어부를 포함하는 온라인 쇼핑에서 유무형 상품 결합을 통한 가격조정 시스템을 제공한다.",2,1,418,1,1,4,1,G06Q-030/00,KR(4),등록,주식회사 인터파크,2008-0079181,2008.08.13,0906581,2009.07.01,G06Q-030/00
테스트 공보 9,US,특허등록,Method and system for using nand page buffers to improve the transfer buffer utilization of a solid state drive,"[청구항1]
1. A method, comprising:writing a lower page data from a transfer buffer of a controller of a solid state drive to a nonvolatile memory in a solid state drive;subsequent, to writing the lower page data to the non-volatile memory, storing in the transfer buffer an upper page data received from a host;subsequent to storing the upper page data in the transfer buffer, reading the lower page data from the non-volatile memory to store in the transfer buffer as an error corrected lower page data, wherein the error corrected lower page data is stored in the transfer buffer in addition to the upper page data that is already stored in the transfer buffer;writing the error corrected lower page data to the non-volatile memory from the transfer buffer that stores both the error corrected lower page data and the upper page data; andsubsequent to writing the error corrected lower page data to the non-volatile memory from the transfer buffer that stores both the error corrected lower page data and the upper page data, writing the upper page data stored in the transfer buffer to the non-volatile memory.
[청구항6]
6. A method, comprising:receiving, by a controller, lower page data from a host and writing the lower page data into a NAND memory of a solid state drive;subsequent to writing the lower page data into the NAND memory, loading from a transfer buffer of the controller, by the controller, in one or more NAND page buffers of the solid state drive, an upper page data received from the host;subsequent to loading the upper page data in the one or more NAND page buffers, reading the lower page data from the NAND memory to store in the transfer buffer of the controller as an error corrected lower page data, wherein the transfer buffer on storing the error corrected lower page data no longer has the upper page data; andsubsequent to storing error corrected lower page data in the transfer buffer, loading the error corrected lower page data to the one or more NAND page buffers; andsubsequent to loading the error corrected lower page data to the one or more NAND page buffers, programming the writing of the upper page data and the error corrected lower page data from the one or more NAND page buffers into the NAND memory.
[청구항10]
10. An apparatus, comprising:a non-volatile memory; anda controller comprising a transfer buffer and an error checking and correction (ECC) engine, wherein the controller controls the non-volatile memory, and wherein the controller is operable to:write a lower page data from a transfer buffer to the non-volatile memory;store in the transfer buffer an upper page data received from a host, subsequent, to writing the lower page data to the non-volatile memory;read the lower page data from the non-volatile memory to store in the transfer buffer as an error corrected lower page data, subsequent to storing the upper page data in the transfer buffer, wherein the error corrected lower page data is stored in the transfer buffer in addition to the upper page data that is already stored in the transfer buffer;write the error corrected lower page data to the non-volatile memory from the transfer buffer that stores both the error corrected lower page data and the upper page data; andwrite the upper page data stored in the transfer buffer to the non-volatile memory, subsequent to writing the error corrected lower page data to the non-volatile memory from the transfer buffer that stores both the error corrected lower page data and the upper page data.
[청구항15]
15. An apparatus, comprising:a NAND complex comprising one or more NAND page buffers and a NAND memory; anda controller comprising a transfer buffer and an error checking and correction (ECC) engine, wherein the controller controls the NAND complex, and wherein the controller is operable to:receive a lower page data from a host and write the lower page data into the NAND memory;load from a transfer buffer of the controller, in one or more NAND page buffers of the NAND complex, an upper page data received from the host, subsequent to writing the lower page data into the NAND memory;read the lower page data from the NAND memory to store in the transfer buffer of the controller as an error corrected lower page data, wherein the transfer buffer on storing the error corrected lower page data no longer has the upper page data, subsequent to loading the upper page data in the one or more NAND page buffers; andload the error corrected lower page data to the one or more NAND page buffers, subsequent to storing the error corrected lower page data in the transfer buffer; andprogram the writing of the upper page data and the error corrected lower page data from the one or more NAND page buffers into the NAND memory, subsequent to loading the error corrected lower page data to the one or more NAND page buffers.","A page data (e.g., upper page data) received from a host is stored in a transfer buffer of a controller of a solid state drive. Another page data (e.g., lower page data) is read from a non-volatile memory (e.g., a NAND memory) to store in the transfer buffer as an error corrected page data. The error corrected page data and the page data are written to the non-volatile memory. In additional embodiments, a controller loads a page data (e.g., upper page data) received from the host in one or more NAND page buffers. The controller reads another page data (e.g., lower page data) from a NAND memory to store in a transfer buffer as an error corrected page data. The error corrected page data stored in the transfer buffer is loaded to the one or more NAND page buffers.",23,4,4789,19,2,16,9,"G06F-011/10,[G11C-011/56, G11C-029/52, G11C-016/04, G06F-012/02, G06F-003/06, G11C-029/42, G06F-012/08, G11C-029/04]","US(14), CN(2)",등록,INTEL CORPORATION,14-499010,2014.09.26,9529668,2016.12.27,G06F-011/10
테스트 공보 10,US,특허등록,Complex query evaluation using sideways information passing,"[청구항1]
1. One or more non-transitory computer-readable storage mediums storing a program executable by one or more data processing devices of a data processing device system to evaluate a query over a graph, the program comprising:decomposition instructions configured to cause the data processing device system to decompose the query into a plurality of subqueries, each subquery of the plurality of subqueries being operated upon by a unary operator or combined with one or more other subqueries of the plurality of subqueries by a non-unary operator;first evaluation instructions configured to cause the data processing device system to evaluate a first subquery of the plurality of subqueries and generate a first substitution multiset representing a result of the evaluation of the first subquery, the first substitution multiset including one or more substitutions, at least one substitution including one or more mappings, each mapping of the at least one substitution being a mapping from a variable to a constant in the graph;normalisation instructions configured to cause the data processing device system to, in a case where the first subquery accesses data associated with the graph in an external repository, determine a contraction of the first substitution multiset based at least on modifying substitutions of the first substitution multiset by replacing a representative constant for at least one constant mapped from a variable in at least one substitution of the first substitution multiset and removing any duplicate substitutions from the first substitution multiset;first filtration instructions configured to cause the data processing device system to identify one or more mappings in the substitutions in the first substitution multiset that cannot be safely passed to the second subquery, and to delete the identified one or more mappings from the substitutions in the first substitution multiset to obtain a filtered first substitution multiset; andsecond evaluation instructions configured to cause the data processing device system to evaluate a second subquery of the plurality of subqueries based at least on the filtered first substitution multiset and generate a second substitution multiset representing a result of the evaluation of the second subquery using the filtered first substitution multiset.
[청구항9]
9. A method of evaluating a query over a graph, the method executed by a programmed data processing device system, the method comprising:decomposing the query into a plurality of subqueries, each subquery of the plurality of subqueries being operated upon by a unary operator or combined with one or more other subqueries of the plurality of subqueries by a non-unary operator;evaluating a first subquery of the plurality of subqueries and generating a first substitution multiset representing a result of the evaluation of the first subquery, the first substitution multiset including one or more substitutions, at least one substitution including one or more mappings, each mapping of the at least one substitution being a mapping from a variable to a constant in the graph;determining, in a case where the first subquery accesses data associated with the graph in an external repository, a contraction of the first substitution multiset based at least on modifying substitutions of the first substitution multiset by replacing a representative constant for at least one constant mapped from a variable in at least one substitution of the first substitution multiset and removing any duplicate substitutions from the first substitution multiset;identifying one or more mappings in the substitutions in the first substitution multiset that cannot be safely passed to the second subquery, and deleting the identified one or more mappings from the substitutions in the first substitution multiset to obtain a filtered first substitution multiset; andevaluating a second subquery of the plurality of subqueries based at least on the filtered first substitution multiset and generating a second substitution multiset representing a result of the evaluation of the second subquery using the filtered first substitution multiset.
[청구항10]
10. One or more non-transitory computer-readable storage mediums storing a program executable by one or more data processing devices of a data processing device system to evaluate a query over a graph, the program comprising:decomposition instructions configured to cause the data processing device system to decompose the query into a plurality of subqueries, each subquery of the plurality of subqueries being operated upon by a unary operator or combined with one or more other subqueries of the plurality of subqueries by a non-unary operator;first evaluation instructions configured to cause the data processing device system to evaluate a first subquery of the plurality of subqueries and generate a first substitution multiset representing a result of the evaluation of the first subquery, the first substitution multiset including one or more substitutions, at least one substitution including one or more mappings, each mapping of the at least one substitution being a mapping from a variable to a constant in the graph;normalisation instructions configured to cause the data processing device system to, in a case where the first subquery accesses data associated with the graph in an external repository, determine a contraction of the first substitution multiset based at least on modifying substitutions of the first substitution multiset by replacing a representative constant for at least one first constant mapped from a first variable in at least one first substitution of the first substitution multiset and removing any duplicate substitutions from the first substitution multiset;first expansion instructions configured to cause the data processing device system to, in a case where the first subquery is operated upon by a non-distributive query operator, determine an expansion of the first substitution multiset based at least on adding one or more new substitutions obtained by replacing equivalent constants for at least one second constant mapped from a second variable in at least one second substitution of the first substitution multiset; andsecond evaluation instructions configured to cause the data processing device system to evaluate a second subquery of the plurality of subqueries based at least on the first substitution multiset and generate a second substitution multiset representing a result of the evaluation of the second subquery using the first substitution multiset.
[청구항18]
18. A method of evaluating a query over a graph, the method executed by a programmed data processing device system, the method comprising:decomposing the query into a plurality of subqueries, each subquery of the plurality of subqueries being operated upon by a unary operator or combined with one or more other subqueries of the plurality of subqueries by a non-unary operator;evaluating a first subquery of the plurality of subqueries and generating a first substitution multiset representing a result of the evaluation of the first subquery, the first substitution multiset including one or more substitutions, at least one substitution including one or more mappings, each mapping of the at least one substitution being a mapping from a variable to a constant in the graph;determining, in a case where the first subquery accesses data associated with the graph in an external repository, a contraction of the first substitution multiset based at least on modifying substitutions of the first substitution multiset by replacing a representative constant for at least one first constant mapped from a first variable in at least one first substitution of the first substitution multiset and removing any duplicate substitutions from the first substitution multiset;determining, in a case where the first subquery is operated upon by a non-distributive query operator, an expansion of the first substitution multiset based at least on adding one or more new substitutions obtained by replacing equivalent constants for at least one second constant mapped from a second variable in at least one second substitution of the first substitution multiset; andevaluating a second subquery of the plurality of subqueries based at least on the first substitution multiset and generate a second substitution multiset representing a result of the evaluation of the second subquery using the first substitution multiset.","A program stored on non-transitory computer-readable storage medium executes a method of evaluating a graph over a query. Decomposition instructions decompose the query into a plurality of subqueries. Evaluation instructions evaluate a subquery of the plurality of subqueries and generate a substitution multiset representing a result of the evaluation of the subquery. Filtration instructions or expansion instructions may operate upon the generated substitution set before passing the substitution set to a next subquery to be evaluated. The filtration instructions identify one or more mappings in the substitution multiset that cannot be safely passed to the second subquery and delete the identified one or more mappings from the substitution multiset. The expansion instructions determine, in a case where the subquery is operated upon by a non-distributive query operator, an expansion of the substitution multiset based at least on adding one or more new substitutions to the substitution multiset.",18,4,8457,14,2,3,7,"G06F-007/00,[G06F-016/2453, G06F-016/22, G06F-016/901, G06F-016/9035, G06F-016/2455, G06F-016/215]",US(3),등록,OXFORD SEMANTIC TECHNOLOGIES LIMITED,17-003097,2020.08.26,11216456,2022.01.04,G06F-007/00
